title,subTitle,start,end,color,img,desc,descImg
ノラネコP、個人小説サイト・電子の海底で『鋼鉄少女・人間兵器』と出会う,,2005-06-05,2005-07-10,#a5a5a5,,,
Ami Yamatoが活動開始,,2011-06-13,,#2ECCFA,,,
WEATHEROID TypeA AiriがSOLiVEで初登場。,,2012-04-13,,#2ECCFA,,,
雪猫カゥルがニコ生で自作の「バーチャル生主システム」を利用した放送を開始。（生放送CG劇）,,2012-04-21,,#CC2EFA,,,
ノラネコP、PS Vita用ゲーム『シェルノサージュ』発売。のらきゃっとの誕生に大きな影響を与える,,2012-04-26,,#a5a5a5,,,
エイレーンチャンネル開設,,2014-03-01,,#FA5882,,,
アニメ娘エイレーン（ミライアカリのプロデューサー）が投稿を開始。,,2014-03-03,,#D358F7,,,
みゅみゅがニコ生でKinectを利用した放送を始める。(コスプレVR),,2014-05-01,,#01DF01,,,
ノラネコP、ニコニコ動画にてバーチャルアイドルちゃんねる（VIC)が開設される。のらきゃっとはこのコミュニティ出身。,,2014-10-15,,#a5a5a5,,,
WEATHEROID TypeA AiriがSOLiVEナイトでMCとしてデビュー。,,2015-04-10,,#2ECCFA,,,
キズナアイが活動開始。初めて「バーチャルユーチューバー」を名乗ったVtuber。,,2016-12-01,,#FA58F4,,,
のらきゃっと、バーチャルのアバターでの初配信,,2017-01-07,,#a5a5a5,,,
とりすーぷがニコ生でHTC Viveを利用した放送をする。,,2017-02-19,,#FFFF00,,,
エイレーンチャンネル登録者10万人動画,,2017-04-14,,#FA5882,,,
のらきゃっと、レア様モデルでニコ生活動開始。ニコニコチャンネル:ゼロから！バーチャル美少女ニコ生主　のらきゃっと,,2017-04-15,,#a5a5a5,,,
ノラネコ（のらきゃっと）がニコ生で活動開始。,,2017-04-15,,#2E2E2E,,,
のらきゃっと、Twitter開始,,2017-04-17,,#a5a5a5,,,
VRライブサービス「Cover」の開発デモでときのそらが登場。,,2017-05-22,,#2EFEF7,,,
のらきゃっと、ねこますさんと出会う,,2017-06-01,,#a5a5a5,,,
電脳少女シロ、 Youtube チャンネル開設,,2017-06-23,,#00FFFF,,,
エイレーンチャンネル、3Dプロジェクトの人員募集動画,,2017-06-27,,#FA5882,,,
電脳少女シロ、初ツイート,,2017-06-28,,#00FFFF,,,
虎妮が投稿開始。,,2017-07-05,,#FACC2E,,,
電脳少女シロ、自動返答機能（後日撤去）,,2017-07-07,,#00FFFF,,,
バララとカレンが投稿開始。,,2017-08-01,,#424242,,,
ばあちゃるが活動開始。初の男性型Vtuber。,,2017-08-09,,#FF8000,,,
電脳少女シロ、自己紹介動画投稿 ,,2017-08-12,,#00FFFF,,,
電脳少女YouTuberシロが活動開始。,,2017-08-12,,#58FAF4,,,
あんたまが投稿開始。,,2017-08-12,,#FAAC58,,,
萌実 & ヨメミ - Eileneが活動開始。,,2017-08-20,,#6E6E6E,,,
ときのそらがYoutubeで投稿開始。,,2017-09-07,,#2EFEF7,,,
ねむが投稿開始。,,2017-09-12,,#D8F781,,,
藤崎由愛が動画投稿を開始。,,2017-09-21,,#FA58F4,,,
電脳少女シロ、チャンネル登録者数 1000人,,2017-10-03,,#00FFFF,,,
電脳少女シロ、ニコニコ動画初投稿,,2017-10-13,,#00FFFF,,,
電脳少女シロ、 チャンネル登録者数 2000人,,2017-10-23,,#00FFFF,,,
Mirai Akari Projectお披露目,,2017-10-24,,#2ECCFA,,,
Mirai Akari Project、Twitterアカウント開設,,2017-10-24,,#2ECCFA,,,
ミライアカリが投稿開始。,,2017-10-27,,#00BFFF,,,
ねこます（バーチャルのじゃロリ狐娘Youtuberおじさん）が投稿開始。男性の声で話す女性型Vtuberとしては初めて（？）。,,2017-11-08,,#FE9A2E,,,
電脳少女シロ、 チャンネル登録者数 3000人,,2017-11-12,,#00FFFF,,,
のらきゃっと、のらきゃっとver1義体使用開始,,2017-11-12,,#a5a5a5,,,
電脳少女シロ、  Twitterフォロワー999人,,2017-11-15,,#00FFFF,,,
ミライアカリ、10個目の動画を投稿【Tik Tok】,,2017-11-20,,#2ECCFA,,,
キズナアイ、野獣先輩の読み間違いでやらかす,,2017-12-01,,#B45F04,,,
ミライアカリ、ニコニコアカウント開設,,2017-12-03,,#2ECCFA,,,
電脳少女シロ、 チャンネル登録者数 5000人,,2017-12-05,,#00FFFF,,,
富士葵が活動開始。,,2017-12-08,,#2ECCFA,,,
輝夜月が活動開始。,,2017-12-09,,#FACC2E,,,
ミライアカリ、ニコニコのフォロワー1万人突破,,2017-12-11,,#2ECCFA,,,
ときのそら youtube 動画初投稿,初めまして!自己紹介のそら,2017-12-12,,#2EFEF7,,,
電脳少女シロ、 初生放送,,2017-12-14,,#00FFFF,,,
さはなが投稿開始。,,2017-12-15,,#F7FE2E,,,
よくばりセット,,2017-12-19,,#000000,,,
電脳少女シロ、 初VRLIVE,,2017-12-21,,#00FFFF,,,
ミライアカリ、ココロヤミ初登場,,2017-12-21,,#2ECCFA,,,
のらきゃっとyoutube投稿開始,,2017-12-23,,#6E6E6E,,のらきゃっとバーチャルyoutuberを名乗ってyoutube初投稿（ニコニコは４月から活動),
電脳少女シロ、 Unityスクショコンテスト大賞 & Unity Asset Store アンバサダー,,2017-12-23,,#00FFFF,,,
電脳少女シロ、チャンネル登録者数 2万人,,2017-12-23,,#00FFFF,,,
のらきゃっと、バーチャルYouTuberとしてYouTubeに初投稿,,2017-12-23,,#a5a5a5,,,
のらきゃっとがYoutubeで投稿開始。,,2017-12-23,,#848484,,,
電脳少女シロ、チャンネル登録者数 3万人,,2017-12-24,,#00FFFF,,,
のらきゃっと、チャンネル登録者数１００人突破,,2017-12-24,,#a5a5a5,,,
シロ ねこます コラボ,,2017-12-25,,#DF7401,,,
電脳少女シロ、初コラボ（のじゃロリさん）,,2017-12-25,,#00FFFF,,,
ミライアカリ、初生放送,,2017-12-25,,#2ECCFA,,,
ミライアカリ、ミライアカリMMD配布,,2017-12-25,,#2ECCFA,,,
電脳少女シロ、チャンネル登録者数 5万人,,2017-12-26,,#00FFFF,,,
バーチャルyoutuberランキング発表,,2017-12-27,,#086A87,,,
ダンス首絞めダンス,,2017-12-27,,#BF00FF,,,
電脳少女シロ、チャンネル登録者数 7万人,,2017-12-27,,#00FFFF,,,
ミライアカリ、チャンネル登録者数20万人突破,,2017-12-27,,#2ECCFA,,,
馬馬越 youtubeアップ,馬馬馬越健太郎～♪,2017-12-28,,#CC2EFA,,,
バーチャルYouTuber四天王戦,初期に人気になったMAD,2017-12-28,,#FACC2E,,,
電脳少女シロ、チャンネル登録者数 9万人,,2017-12-28,,#00FFFF,,,
のらきゃっと、Twitterフォロワー数1000人突破,,2017-12-28,,#a5a5a5,,,
霊電カスカが活動開始。,,2017-12-28,,#58FAD0,,,
馬越健太郎が投稿開始。,,2017-12-28,,#FAAC58,,,
コトダマンとコラボ,ねこます,2017-12-29,,#FF8000,,,
電脳少女シロ、チャンネル登録者数 10万人,,2017-12-29,,#00FFFF,,,
のらきゃっと、モデル権利の問題を指摘され一時活動休止,,2017-12-29,,#a5a5a5,,,
ありしあが投稿開始。,,2017-12-29,,#01DF74,,,
ミライアカリ、ツイッターのフォロワー数10万人突破,,2017-12-30,,#2ECCFA,,,
ばあちゃる復活,,2017-12-31,,brown,,,
ポン子 骨折シーン集,ポン子が有名になったきっかけ,2017-12-31,,#2EFEC8,,,
電脳少女シロ、MMDモデル（ハロウィンダンス）配布,,2017-12-31,,#00FFFF,,,
のらきゃっと、権利問題解消により活動再開,,2017-12-31,,#a5a5a5,,,
DDが活動開始。人間の姿をした男性型Vtuberとしては初めて。,,2017-12-31,,#2E9AFE,,,
ミライアカリ、年越し生放送、2時間弱 ,,2017-12-31,,#2ECCFA,,,
さょちゃんがVtuberとして活動開始。もともとすあだ作品のキャラクターとして2009年頃から活動していた。,,2018-01-01,,#FE2E2E,,,
neral（辻モトコ）が活動開始。,,2018-01-01,,#B45F04,,,
世界クルミが投稿開始。,,2018-01-01,,#01DF01,,,
のじゃろり新ED,新EDを動画に入れる,2018-01-02,,#FE9A2E,,,
雨下カイト 初投稿,,2018-01-02,,#2EFE9A,,,
電脳少女シロ、チャンネル登録者数 15万人,,2018-01-02,,#00FFFF,,,
式大元がVtuberとして活動開始。,,2018-01-02,,#0174DF,,,
のらきゃっと、挨拶「おはきゃーっと。」初出,,2018-01-03,,#a5a5a5,,,
第１回バーチャル YouTuber 勉強会【VR LIVE】【電脳少女シロ】,シロの勉強会,2018-01-04,,#01DFD7,,,
ねこま出現,ねこま,2018-01-04,,#FE642E,,,
のらきゃっと、チャンネル登録者数１万人突破,,2018-01-04,,#a5a5a5,,,
届木ウカが投稿開始。,,2018-01-04,,#2EFEC8,,,
ミライアカリ、チャンネル登録者数30万人突破,,2018-01-04,,#2ECCFA,,,
【振り返り】ときのそらのMirrativQクイズ司会者初挑戦！【反省会】,,2018-01-05,,#FF0040,,,
葵歌劇団結成,,2018-01-05,,#0080FF,,,
キズナアイ物申す,輝夜月にコラボ誘ったやつ,2018-01-05,,#FE2EC8,,,
ナイセンチャンネル naisen channel,,2018-01-05,,#58FAF4,,,
もちひよこ、誕生,,2018-01-05,,pink,,,
もちひよこが活動開始。,,2018-01-05,,#FE2EF7,,,
ナイセンがVtuberとして活動開始。,,2018-01-05,,#58FAD0,,,
カフェ野ゾンビ子が投稿開始。,,2018-01-05,,#FE9A2E,,,
電脳少女シロ、チャンネル登録者数 20万人,,2018-01-06,,#00FFFF,,,
のらきゃっと、のらきゃっとファンの総称がアンケートにより「ねずみさん」に決定する,,2018-01-06,,#a5a5a5,,,
輝夜月、チャンネル登録者40万人超,,2018-01-07,,#FFBF00,,,
バーチャルYouTuberシロ、チャンネル登録者20万人突破,,2018-01-07,,#2EFEF7,,,
あっくん大魔王 初投稿,,2018-01-07,,#9A2EFE,,,
のらきゃっと、新モデル含め環境移行宣言,,2018-01-07,,#a5a5a5,,,
げんげん（源元気）が活動開始。,,2018-01-07,,#B45F04,,,
あっくん大魔王が活動開始。,,2018-01-07,,#7401DF,,,
もちひよこ、チャンネル登録者数４００人＋フォロワー２００人,,2018-01-08,,pink,,,
電脳少女シロ、Twitterフォロワー10万人,,2018-01-09,,#00FFFF,,,
リクビッツがVtuberとして投稿し始める。,,2018-01-09,,#9A2EFE,,,
げんげん初めての動画投稿ヽ( ´▽)ノ,ゲンゲンニコニコ初投稿,2018-01-10,,#8A2908,,,
キズナアイ、ゲーム実況「A.I.Games」が登録50万人突破,,2018-01-10,,#B404AE,,,
バーチャルYouTuberときのそら、生放送がTwitterトレンドに,新年会初放送で1万人突破 トレンド入り 生歌披露 投げ銭総額６０万円,2018-01-11,,#B43104,,,
iPhone XアプリでバーチャルYoutuberに！「にじさんじ」公式配信声優を募集,にじさんじ公式声優募集,2018-01-11,,#04B4AE,,,
もちひよこ、チャンネル登録者数１，０００人,,2018-01-11,,pink,,,
1人紅白歌合戦とかつまんないやつやん,ミライアカリ言った後 キズナアイが1人紅白歌合戦する,2018-01-12,,#04B4AE,,,
【のらきゃっと】自ら素材と化した止まらないのらきゃっとBB【MAD素材】,BB素材,2018-01-12,,#424242,,,
ぜったい天使くるみちゃんが投稿開始。,,2018-01-12,,#FE2E2E,,,
バーチャルYoutuber達がサイコパスと化したようです,１月に出てきたMADで最も人気なもの,2018-01-13,,#AEB404,,,
ねこます チャンネル名変わる,けもみみ帝国国営放送,2018-01-13,,#DF7401,,,
ミディ 初投稿,,2018-01-13,,#424242,,,
モスコミュールが投稿開始。,,2018-01-13,,#DF7401,,,
バーチャルゴリラが投稿開始。,,2018-01-13,,#151515,,,
ミディが投稿開始。,,2018-01-13,,#3104B4,,,
新川良 初投稿,,2018-01-14,,#DF01D7,,,
霊電カスカ 休止,,2018-01-14,,#01DFD7,,,
萌美 休止,,2018-01-14,,#B404AE,,,
のらきゃっと、チャンネル登録者数２万人突破,,2018-01-14,,#a5a5a5,,,
VR新年会,新年会,2018-01-15,,#000000,,,
バーチャルのじゃロリ狐娘YouTuberおじさん、チャンネル登録者が20万突破,,2018-01-15,,#DF7401,,,
乾伸一郎が投稿開始。,,2018-01-15,,#B43104,,,
クゥ・フラン・ゾーパーが投稿開始。,,2018-01-15,,#B18904,,,
輝夜月、喋れるゴリラと遭遇 実は新鋭バーチャルYouTuber,ゴリラ 出てくる,2018-01-16,,#424242,,,
もちひよこ、チャンネル登録者数２，０００人,,2018-01-16,,pink,,,
のらきゃっとに恋するガチ恋勢が完全勝利した瞬間UC,ねずみ 歓喜,2018-01-18,,#424242,,,
キズナアイ、Twitterフォロワーが30万人を突破,,2018-01-18,,#DF01D7,,,
ニーツチャンネル 初投稿,,2018-01-18,,#045FB4,,,
ニーツ（VT-212）が投稿開始。,,2018-01-18,,#0489B1,,,
尾野（シテイル）が投稿開始。,,2018-01-18,,#DF7401,,,
キズナアイが1st写真集を発売 予約受け付け開始,写真集発売,2018-01-19,,#DF01D7,,,
【歌のそら】木の芽時の空【soraSong】-路地裏ロジック,そらとも提供曲第一弾,2018-01-19,,#01DFA5,,,
電脳少女シロ、MMDモデル（冬服）配布,,2018-01-19,,#00FFFF,,,
もちひよこ、フォロワー１，０００人,,2018-01-19,,pink,,,
ミライアカリ、生放送が毎週金曜日に,,2018-01-19,,#2ECCFA,,,
バーチャルYouTuber萌実＆ヨメミ チャンネル登録10万人達成,,2018-01-20,,#DF01D7,,,
のらきゃっと、チャンネル登録者数３万人突破,,2018-01-20,,#a5a5a5,,,
天野声太郎が投稿開始。,,2018-01-20,,#B40404,,,
莉犬がVtuberとして活動開始。,,2018-01-20,,#B45F04,,,
バーチャルYouTuberミライアカリ チャンネル登録40万人突破,,2018-01-21,,#0489B1,,,
電脳少女シロ、チャンネル登録者数 30万人,,2018-01-21,,#00FFFF,,,
のらきゃっと、VOICEROIDをフリーで商用不可の「東北ずん子」から「紲星あかり(キズナアカリ)」に変更,,2018-01-21,,#a5a5a5,,,
若菜レイが投稿開始。,,2018-01-21,,#01DF01,,,
ミライアカリ、チャンネル登録者数40万人突破,,2018-01-21,,#2ECCFA,,,
バーチャル男の娘ユウ　はつとうこう,,2018-01-22,,#B404AE,,,
もちひよこ、チャンネル登録者数４，０００人,,2018-01-22,,pink,,,
バーチャルYouTuberシロ チャンネル登録30万人突破,,2018-01-23,,#01DFD7,,,
もちひよこ、チャンネル登録者数５，０００人,,2018-01-23,,pink,,,
もちひよこ、フォロワー２，０００人,,2018-01-23,,pink,,,
のらきゃっと、チャンネル登録者数４万人突破,,2018-01-24,,#a5a5a5,,,
富士葵 クラウドファンディングスタート,かわいくなりたい,2018-01-25,,#00BFFF,,,
のらきゃっと、Twitterフォロワー数３万人突破,,2018-01-26,,#a5a5a5,,,
ミライアカリ、生放送で「ミライアカリの萌え萌えキュン」コーナースタート、以降生放送にコメント返し以外のコーナーを設けるようになる,,2018-01-26,,#2ECCFA,,,
【IA&ONE&SORA】アフタートークで司会のそら！(*•̀ᴗ•́*)و ̑̑,ときのそらの企業系とのコラボ,2018-01-27,,#00FFBF,,,
もちひよこ、チャンネル登録者数７，０００人,,2018-01-27,,pink,,,
白二郎/VRアライグマ,初投稿,2018-01-28,,#A4A4A4,,,
もちひよこ、フォロワー３，０００人,,2018-01-28,,pink,,,
のらきゃっと チャンネル登録者数５万人突破,,2018-01-29,,#DF7401,,,
のらきゃっと、チャンネル登録者数５万人突破,,2018-01-29,,#a5a5a5,,,
あいえる/松井社長がVtuberとして活動開始。3Dスキャンされた実在の人物がVtuberとして活動するのは初めて。,,2018-01-29,,#424242,,,
バリトンエルフ　初投稿,初投稿,2018-01-30,,#5FB404,,,
【シロ】作っていただいた素敵なMMDにアフレコしてみました【効果音全部俺】,シロがアフレコ,2018-01-31,,#0489B1,,,
深雪 初投稿,,2018-01-31,,#6A0888,,,
もちひよこ モデリング教室,,2018-01-31,,#8A0886,,,
富士葵がスマホRPG「ミトラスフィア」とコラボ,宣言,2018-01-31,,#086A87,,,
もちひよこ、チャンネル登録者数９，０００人＋フォロワー４，０００人,,2018-01-31,,pink,,,
ときのそら生放送OP ミディ作曲 ときのそら生放送でお披露目,ミディさん作曲,2018-02-01,,#424242,,,
キズナアイ 登録者減る（バグ）,ただのばぐだった　24万消える,2018-02-01,,#B404AE,,,
キズナアイって知ってますか？,ゲームで聞いたけど煽られた　人狼ゲーム,2018-02-02,,#B45F04,,,
電脳少女シロ、 Twitterフォロワー15万人,,2018-02-02,,#00FFFF,,,
【イラスト45人分】あさひさんのVTuberラップを元祖がアレンジしてみた #バーチャルYouTuber #今和間田せぃが,４５人分ラップする,2018-02-03,,#0489B1,,,
アカリ親子のエロ本やり取りくっ付けてみた,娘と母に分かれてやったやつをまとめたニコニコの動画,2018-02-03,,#04B4AE,,,
もちひよこ、チャンネル登録者数１０，０００人,,2018-02-03,,pink,,,
のらきゃっと、facerig事件,,2018-02-04,,#a5a5a5,,,
Icotsu Vtuberデビュー,初投稿,2018-02-05,,#424242,,,
富士葵 クラウドファンディング終了,１０００万円突破,2018-02-05,,#0174DF,,,
やりおるマン　初言及,やりおるマンだー　（動画で発表）,2018-02-05,,#088A85,,,
感度を3000倍にされたディランマッケイ（RAY　WAKANA）,にゃぁにゃぁあああああと喘ぐ,2018-02-06,,#BF00FF,,,
のじゃろり コトダマンに参戦,コトダマンにﾘﾘｰｽ決定,2018-02-06,,#B45F04,,,
のらきゃっと、Twitterフォロワー数４万人突破,,2018-02-06,,#a5a5a5,,,
月ノ美兎 初投稿,,2018-02-07,,#A901DB,,,
天魔機忍 第1話,コラボ,2018-02-08,,brown,,,
のらきゃっと、いろいろあって外交自粛宣言,,2018-02-08,,#a5a5a5,,,
キズナアイ 150万人突破,150万人突破,2018-02-09,,#DF01D7,,,
背負ってんだよなー人生,ちあ　の背中に掘られてたのが動画で公開された,2018-02-09,,#FA58F4,,,
ミライアカリ、生放送が隔週に,,2018-02-09,,#2ECCFA,,,
のじゃろりニコ生配信,歌発表ー,2018-02-11,,#FF8000,,,
もちひよこ、フォロワー６，０００人,,2018-02-11,,pink,,,
ちゆ12歳 初投稿（復帰）,,2018-02-13,,#DF01D7,,,
ミライアカリ 20万人突破,２０万人突破,2018-02-13,,#04B4AE,,,
のじゃおじ公式グッズ Lineスタンプ,Lineスタンプ,2018-02-13,,#74DF00,,,
童貞の女の子,ねこますさんツイッターで発言,2018-02-13,,#04B4AE,,,
ミライアカリ、ツイッターのフォロワー数20万人突破,,2018-02-13,,#2ECCFA,,,
響木アオ 初投稿,,2018-02-14,,#B404AE,,,
絶対天使クルミちゃん　消失,ハッキングの後消えた,2018-02-14,,#8A0868,,,
ミライアカリ バレンタイン企画,0.01％となった,2018-02-14,,#9A2EFE,,,
薬袋ｶﾙﾃ 初投稿,,2018-02-15,,#4B8A08,,,
ローズブリザート,ukaさまと深雪のコラボ,2018-02-15,,#8904B1,,,
もちひよこ、フォロワー８，０００人,,2018-02-15,,pink,,,
ミライアカリ、初インタビューをうける,,2018-02-15,,#2ECCFA,,,
10分で分かる清楚系委員長,１０分じゃない委員長　niconico番,2018-02-16,,#610B5E,,,
クーテトラ　初投稿,,2018-02-16,,#8A4B08,,,
猫宮ひなた 初投稿,初投稿　レースゲームやってる方,2018-02-16,,#B40404,,,
キズナアイ ニコニコ蝶音楽祭に出演決定,音楽祭,2018-02-16,,#8A0886,,,
万楽えね 初投稿,,2018-02-17,,#7401DF,,,
アイザック 初投稿,,2018-02-17,,#8A4B08,,,
輝夜月 50万人突破,５０万人突破,2018-02-17,,#868A08,,,
Tokyo Otaku Mode、「キズナアイ 1/7 スケールフィギュア」制作を発表,フィギュア,2018-02-18,,#B404AE,,,
キズナアイのねんどろいどか 展示,ワンフェスで展示,2018-02-18,,#5F04B4,,,
もちひよこ、冬服試着,,2018-02-19,,pink,,,
のらきゃっと、ねこま改変モデルでVRChatに進出,,2018-02-19,,#a5a5a5,,,
のらきゃっと、チャンネル登録者数６万人突破,,2018-02-19,,#a5a5a5,,,
ふぃおっさん 初投稿,,2018-02-20,,#B40486,,,
タマキン 初投稿（再up）,,2018-02-21,,#DBA901,,,
あんたま 投票,CDデビューについて 重い雰囲気の中行われた,2018-02-21,,#DF013A,,,
もちひよこ、フォロワー９，０００人,,2018-02-21,,pink,,,
もちひよこ、チャンネル登録者数１５，０００人,,2018-02-21,,pink,,,
【03】感謝の舞いと応援ソング【イヌージョン】,応援ソング 原因,2018-02-23,,#585858,,,
Panora 第一回週間Vtuberランキング,第一回週間Vtuberランキング,2018-02-23,,#19070B,,,
ミライアカリ グッズ出店 animejapan 2018,3/24,2018-02-23,,#0A1B2A,,25二販売 ファンとの交流し 遊んだ,
キズナアイ リアルイベント開催宣言,,2018-02-23,,#610B5E,,,
虹河ラキ 初投稿,,2018-02-23,,#04B404,,,
水菜 初投稿,,2018-02-24,,#04B4AE,,,
第一回Vtuberハッカソン,PANORA主催,2018-02-24,,#01DFA5,,,
第一回Vtuber ハッカソン,26の二日間のじゃろりが出てくる,2018-02-25,,#B45F04,,,
バーチャルYouTuberよくばりセットが削除,,2018-02-26,2018-02-28,blue,,,
バーチャライズ始動,当時は紫音 のみ,2018-02-26,,#A901DB,,,
月ノ美兎 de きしめん,きしめんMAD ほぼヨーロッパ企画,2018-02-26,,#BFFF00,,,
もちひよこ、フォロワー１０，０００人,,2018-02-26,,pink,,,
東雲めぐ　初投稿,,2018-02-27,,#FACC2E,,,
キズナアイ テレビ化決定,キズナアイのBEATスクランブル,2018-02-27,,#A901DB,,,
＃Vtuber始めました,Vtuber始めましたを提案する,2018-02-27,,#424242,,,
鳩羽つぐ 初投稿,,2018-02-28,,#04B431,,,
馬越、後輩からLINE聞こうとして謹慎,,2018-02-28,,#B45F04,,,
ちあ 応援ソング,応援ソング　アレンジする,2018-02-28,,#DF01D7,,,
【動物紹介型Vtube】どうぶつのともだち～神戸どうぶつ王国～【名無しのアデリー】,動物園紹介系Vtuberの動画の一つがばずった,2018-03-01,,#01DF3A,,,
キズナアイ 訪日促進大使就任,2018/03/25 まで,2018-03-01,,#B404AE,,,
Azuma Lim Channel -アズマ リム-,初投稿,2018-03-01,,#7401DF,,,
キズナピピック【バーチャルYoutuberみんなでMADをつくってみた！】,ポプテピピックOPパロ,2018-03-01,,#B404AE,,,
DDとばぁちゃるがコラボ,にんじん,2018-03-02,,#B43104,,,
キズナオドル,ココロオドル,2018-03-02,,#8904B1,,,
初ライブ アズリムのソーラン節,,2018-03-03,,purple,,,
ときのそら １０万人突破,１０万人とっぱ,2018-03-03,,#086A87,,,
清楚マン,月のミトのデビルマンMAD,2018-03-03,,#088A85,,,
のらきゃっと、外交再開,,2018-03-03,,#a5a5a5,,,
W01FA 初投稿,,2018-03-04,,#2E2E2E,,,
おめがシスターズ 初投稿,,2018-03-04,,#B404AE,,,
ミソシタ,初投稿,2018-03-04,,#7401DF,,,
ミライアカリ、ヨメミとの初コラボ(ミライアカリと他バーチャルYoutuberのコラボはこれが初),,2018-03-05,,#2ECCFA,,,
【神回】ボイチェン芸を披露する月ノ美兎まとめ【生放送】,ルイーズ,2018-03-06,,#BF00FF,,,
ゲーム部 初投稿,,2018-03-06,,#424242,,,
キズナアイ面接,キズナアイ面接 投稿,2018-03-07,,#610B5E,,,
えびなチャンネル,初投稿,2018-03-08,,#DF7401,,,
エルフの森を完全焼却した樋口楓UC,ガチで描かれたやつ,2018-03-08,,#01DF01,,,
VB 三味線放送,結構この後も何回かやってます,2018-03-10,,#DF7401,,,
バーチャルのじゃろり狐娘Youtubeおじさんのうた ニコ生披露,ニコ生にて行う,2018-03-11,,#DF3A01,,,
ピクセルコ 初投稿,,2018-03-12,,#6E6E6E,,,
【楽曲試聴】「Moon!!」(歌：月ノ美兎),ファンによる作曲,2018-03-12,,#BF00FF,,,
.live １０人Vtuber募集,ばぁちゃるップロデューサー,2018-03-13,,#2E2E2E,,,
どうしたんだいキモオタ　（アンパンマンものまね）,アンパンマンものまね,2018-03-13,,#31B404,,,
のじゃおじ しろ 超会議に参戦　発表,,2018-03-13,,#8A4B08,,,
【初回】10分でわかるにじさんじ2期生のやべーやつ【鈴鹿詩子】,ニコニコで人気になってしまった動画,2018-03-13,,#6A0888,,,
ミライアカリ 50万突破,５０万人突破,2018-03-14,,#08298A,,,
剣持刀也 初投稿,ミラティブアーカイブでYoutube動画,2018-03-14,,#6A0888,,,
ダンスえるえるダンス,MAD,2018-03-14,,#088A29,,,
ミライアカリ、チャンネル登録者数50万人突破,,2018-03-14,,#2ECCFA,,,
KAI-YOU、ニュース番組キャスターにVTuber・虹乃まほろ起用,まほろちゃん自体は前々からいた,2018-03-15,,#B404AE,,,
ミライアカリ 輝夜月コラボ,コラボ,2018-03-16,,#04B45F,,,
ミライアカリ、輝夜月との初コラボ,,2018-03-16,,#2ECCFA,,,
BANS　結成,,2018-03-17,,#000000,,,
ミライアカリ、公式サイトを公開,,2018-03-17,,#2ECCFA,,,
PANORA×ときのそらランキング動画終了のお知らせ,,2018-03-18,,#292A0A,,,
ヴるまちゃん 初投稿,,2018-03-18,,#610B5E,,,
キズナアイリアルイベント開催,,2018-03-18,,#8904B1,,キズナアイ初のリアルファンイベントがYouTube Space Tokyoにて開催,
田中ヒメ 初投稿,,2018-03-18,,#FF00FF,,,
委員長 月の美兎 同時視聴者数3万8000人,でろーんと一緒,2018-03-18,,#DF0101,,,
フリージア/富士葵,富士葵がフリージアを歌う,2018-03-18,,#0489B1,,富士葵が鉄血のオルフェンズの有名なED曲「フリージア」を歌う,
ホームランダービーブームが起こる,織神ゆさがロビカスを撃破,2018-03-18,,#CC2EFA,,,
ミライアカリが知名度調査リベンジ成功,,2018-03-19,,#00BFFF,,,
キズナアイ×上坂すみれ,,2018-03-19,,#DF01A5,,キズナアイがゲーム「オーディナル ストラータ」のプロモーションとして上坂すみれとのコラボ動画を公開,
にじさんじ漢組コラボ（男子コラボ）,,2018-03-19,,#6E6E6E,,にじさんじ漢組コラボ第二回　humanfallflatをプレイ,
電脳サイエンティスト・ファイ 初投稿,,2018-03-19,,#868A08,,,
ダンスアリスダンス,にじさんじアリスのDRDMAD,2018-03-19,,#424242,,,
届木ウカ×委員長のサブカルクソコラボ,,2018-03-20,,#00BFFF,,,
モスコミュールおじさんがダンス動画を投稿,,2018-03-20,,#FF8000,,,
hitogata　リリース,,2018-03-20,,#04B404,,,
刀也マン,力也MAD,2018-03-20,,#2E2E2E,,,
若菜ラジオスタート,,2018-03-21,,#04B431,,,
シロ登録者数40万人突破,,2018-03-21,,#01A9DB,,,
モスおじが突然ダンスを披露,,2018-03-21,,#DF7401,,,
届木ウカ×委員長のサブカルクソコラボ,,2018-03-21,,#0489B1,,,
じゃがりこ面接の権利関係で混乱広がる,,2018-03-21,,#DF01D7,,,
電脳少女シロ、チャンネル登録者数 40万人,,2018-03-21,,#00FFFF,,,
もちひよこ、チャンネル登録者数２万人 ,,2018-03-21,,pink,,,
岩本町芸能社の五人グループの名前が「えのぐ」に決定,,2018-03-21,,#DF7401,,,
もちひよこ、フォロワー１５，０００人,,2018-03-22,,pink,,,
のらきゃっと、Twitterフォロワー数５万人突破,,2018-03-22,,#a5a5a5,,,
月詠桜 初投稿,,2018-03-23,,#BF00FF,,,
ショッピングモールのプレオープンデー,ショッピングモールまわる,2018-03-23,,#298A08,,,
キズナアイ×上坂すみれのコラボ動画第二弾,,2018-03-23,,#CC2EFA,,,
シロが登録40万人記念でGetting Over Itリベンジ,,2018-03-23,,#DF7401,,,
VRChat個人勢集会(ドミノ大会),,2018-03-24,,#01DFD7,,,
オッドアイ×パゲ美×えね×あっくんのなんかもうどうしようもないコラボ,オッパゲ淫魔王コラボ,2018-03-24,,#DF01D7,,,
響木アオ初生放送,,2018-03-24,,#FE2EF7,,,
わんわんみるくコラボ,,2018-03-24,,#FF8000,,,
詩子お姉さんのテーマ,０・・０・・０,2018-03-24,,#FA58D0,,,
のじゃおじがITカンファレンスに登壇,just do it!,2018-03-24,,#FAAC58,,,
ミライアカリ、Anime Japan 2018 に参加　グッズを販売が行われたり、生放送で来場者とコミュニケーションをとったりした。,,2018-03-24,2018-03-26,#2ECCFA,,,
れらたんもVRChatデビュー,,2018-03-25,,#FF00BF,,,
アオのまほうのかがみごーまさかの続編,,2018-03-25,,#FA58D0,,,
ウマ娘 ぱかチューブっ 初投稿,アニメウマ娘 始まる直前に出す,2018-03-25,,#FACC2E,,,
ばぁちゃるリアルに見参,禍つヴァールハイト 公開生放送-機動兵団隊員募集開始-,2018-03-25,,#FE9A2E,,,
アニメジャパン2日目にシロとリアルばあちゃるが出演,,2018-03-25,,#2ECCFA,,,
VRChat合同ホラー企画,,2018-03-25,,#31B404,,,
ゲーム部に新キャラの道明寺晴翔登場,,2018-03-25,,#1C1C1C,,,
響木アオが孤独のあまり狂気じみた遊びを敢行,,2018-03-26,,#FE2EF7,,,
のじゃおじ、オリジナル曲を歌う,「バーチャルのじゃロリ狐娘YouTuberおじさんのうた」,2018-03-26,,#DF7401,,,
鳩羽つぐ、よくばりセット新作,,2018-03-26,,#585858,,,
渋谷ハジメの謝罪動画,,2018-03-26,,#04B404,,,
VTuberの開発／プロデュースを行う新プロダクション設立,VR設立 ficty,2018-03-26,,#0040FF,,,
ミライアカリ、50個目の動画を投稿【診断テスト】,,2018-03-26,,#2ECCFA,,,
キズナアイのフィギュアが予約開始,,2018-03-26,,#FF00FF,,,
ミアルがVRC放送内で立体お絵かきの才能を発揮,,2018-03-26,,#08088A,,,
ときのそらが生放送で高いピアノスキルを披露,,2018-03-27,,#9A2EFE,,,
VRChat合同サバゲー企画,,2018-03-27,,#80FF00,,,
ぽんぽこ×ピーナッツくんの生放送,,2018-03-27,,#DBA901,,,
オッドアイvsホームランダービー　超長丁場の激闘,,2018-03-27,2018-03-30,#DF01A5,,,
CGWorldにシロ等vtuberの特集が掲載,,2018-03-27,,#01DFD7,,,
深雪のチャンネルに新キャラ「ダークブリガンダイン」が登場,,2018-03-27,,#5F04B4,,,
YUAのキズナアイ面接は流石の演技力,,2018-03-28,,#FA58F4,,,
響木アオ新オリジナル曲,,2018-03-28,,#FA58F4,,,
V1開催,4/4まで,2018-03-28,,#848484,,,
BitStar、公式VTuber「朝宮ゆり」の声優を募集 4月5日まで,応募,2018-03-28,,#8A0868,,,
バーチャルYouTuberたちのチャンネル登録者数の変化をアイコンで表現する動画,niconicoに出てくる,2018-03-28,,#6E6E6E,,,
ダンスウミウシダンス,DRD MAD にじさんじいちごのMAD,2018-03-28,,#FF00FF,,,
【夕陽リリ】タイムマシンを開発したのですが…,ミラティブのクソマロ,2018-03-28,,#BF00FF,,,
のらきゃっと、新義体の最初の犠牲者が猫松さんに決定する,,2018-03-28,,#a5a5a5,,,
八雲曠×涼花麻美子の妖怪好きコンビ生放送,,2018-03-28,,#1C1C1C,,,
響木アオ新オリジナル曲「はらぺこパレード」,,2018-03-28,,#DF01D7,,,
オッドアイがロビカスを撃破,40時間以上の激闘の末にロビンを撃破,2018-03-29,,#DF01A5,,,
輝夜月の公式LINEスタンプが販売開始,,2018-03-29,,#AEB404,,,
輝夜月が漫画化される,,2018-03-29,,#A5DF00,,,
白次郎、雨下カイトらがVRchatにて空飛ぶほうきレースを開催・配信,,2018-03-29,,#01DFA5,,,
委員長のもとにまた多数のファン制作ゲームが,,2018-03-29,,#DF0174,,,
BANちゅうリアル親に怒られ一時活動停止,,2018-03-29,,#393B0B,,,
そら飛ぶほうきで大レース!!（VRChat合同ホウキレース）,ほうきで飛ぶ,2018-03-29,,#045FB4,,,
のじゃおじ初のグッズが発売決定,,2018-03-29,,#DBA901,,,
「てさぐれ」ダテコー監督のvtuber番組がスタート,,2018-03-29,,#DF01A5,,,
バーチャルおばあちゃん、生放送アーカイブを一斉公開,,2018-03-30,,#B45F04,,,
クソメガネ、成人式に2回出席してたことが判明,,2018-03-30,,#04B486,,,
ファミ通にシロとのじゃおじの記事,,2018-03-30,,#9AFE2E,,,
パンディ壺高速クリアで無事twitterアカウント作成,,2018-03-30,,#FF8000,,,
シロが春服に衣替え,,2018-03-30,,#2ECCFA,,,
バララとカレンが一時復活、そして終了を告知,,2018-03-30,,#DF01D7,,,
ディープブリザードが3Dの姿を公開,,2018-03-30,,#CC2EFA,,,
勇者カキ失踪騒動,,2018-03-30,,#00BFFF,,,
朝ノ光デビュー,,2018-03-30,,#BF00FF,,,
物述有栖、チャンネル登録者数3万人突破,,2018-03-31,,#FFFF00,,,
のらきゃっと、新ボディを公開,,2018-03-31,,#585858,,,
猫宮PUBG新作 18キルを叩き出す流石の実力,,2018-03-31,,#B45F04,,,
小林銅蟲と委員長がコラボ クリオネを実食してトレンド入りする,,2018-03-31,,#01A9DB,,,
のじゃろり のらきゃっと 新モデルに合う,ねこますとのらきゃっとの出会い,2018-03-31,,#FFBF00,,,
モカ、コーヒーYoutuber 投稿,,2018-03-31,,#DF3A01,,,
ハッカドール、初投稿（Vtuber）,,2018-03-31,,#086A87,,,
サバゲやろうぜ！in VRChat,VRChat合同サバゲー大会ふたたび,2018-03-31,,#B45F04,,,
委員長委員長,委員長のDRDMAD,2018-03-31,,#BF00FF,,,
のらきゃっと、新義体公開,新モデル作者のライリー、新人vtuberとしては異例の伸び率を記録,2018-03-31,,#a5a5a5,,,
輝夜月、チャンネル登録者数60万人を突破！,,2018-04-01,,#FFBF00,,,
エイプリルフールに合わせて多くのVtuberが企画動画、ライブを行う,,2018-04-01,,#04B404,,,
ヨメミ、3D化始動中を発表,,2018-04-01,,#8904B1,,,
霊電チアキ、2ヶ月以上の活動休止状態からサプライズライブ配信,,2018-04-01,,#04B4AE,,,
キズナアイ×輝夜月入れ替わりコラボ動画,,2018-04-01,,#BF00FF,,,
ばぁちゃる エイプリルフールネタがひどすぎて謹慎,全身敏感,2018-04-01,,#01DF01,,,
彩音 Official 初投稿,,2018-04-01,,#DF01D7,,,
ピピピ　自己紹介 50万円消えた子,自己紹介 50万円消えた子,2018-04-01,,#BF00FF,,,
ニパ子　初投稿,,2018-04-01,,#04B4AE,,,
電脳少女シロ、春衣装お披露目（禍つヴァ―ルハイトの際は正面と一部側面のみ映り込み）,,2018-04-01,,#00FFFF,,,
霊電チアキ一時復活&初生放送,,2018-04-01,,#00BFFF,,,
樋口楓クラウドファンディング　50万を3分という驚異のペースで達成,,2018-04-01,,#B43104,,,
カイトが放送中にVRC運営と遭遇,,2018-04-01,,#DF013A,,,
ベイレーン独立発表,,2018-04-01,,#0B3B2E,,,
AmiYamatoが登録者数10万突破、vtuber11人目,,2018-04-02,,#0040FF,,,
クゥの映画(デビルマン実写)合同鑑賞会,映画実況はこの日からしばらくブームになりました。,2018-04-02,,#2A1B0A,,,
VT-212、ニーミの新デザインを募集,,2018-04-02,,#01DFA5,,,
野良猫のぐだぐだ名前投票放送,,2018-04-02,,#B45F04,,,
ゲーム部があゆみん氏とポケモンコラボ企画,,2018-04-02,,#3A01DF,,,
キズナアイ、チャンネル登録者数170万人突破、総再生回数1億回超え！！,,2018-04-02,,#DF01D7,,,
富士葵、チャンネル登録者数6万人突破、ツイッターフォロワー数3万人突破！,,2018-04-02,,#04B4AE,,,
アキバにのじゃろり看板,世知辛いのじゃー,2018-04-02,,#FF8000,,,
輝夜月、ボイスつきLINEスタンプ発売 全24種類,240円,2018-04-02,,#FACC2E,,,
むすび二等兵 初投稿,,2018-04-02,,#585858,,,
ぽんぽこ、チャンネル登録者数1万人突破！！,,2018-04-03,,#FF8000,,,
かしこまり、チャンネル登録者数2万人突破！,,2018-04-03,,#04B4AE,,,
富士葵、新ボディの全身像を公開,,2018-04-03,,#2ECCFA,,,
シロ、海外視聴者に向けてチャンネル名をSiro channelへ変更,,2018-04-03,,#5882FA,,,
電脳少女シロ、Channnel名変更「Siro Channel」になる,,2018-04-03,,#00FFFF,,,
サイバーエージェントがバーチャル配信事業用の「株式会社CyberV」設立,,2018-04-03,,#01DF3A,,,
ぽんぽこコラボ生放送 メイカ、公野ゆめか、剛、おかんが登場,,2018-04-03,,#DBA901,,,
野良猫の名前は「文野環」に決定,,2018-04-03,,#DBA901,,,
BAN's、4/7の19:00から 麻雀講座配信を開催！,,2018-04-04,,#088A08,,,
Icotsu 肉付く,ツイッターで発表,2018-04-04,,#424242,,,
ババアバーチャルババア,DRD　MAD,2018-04-04,,#B45F04,,,
バーチャル配信者プロダクション事業を展開 新会社CyberV設立,バーチャルストリーマー,2018-04-04,,#D7DF01,,,
ぽんぽこ ピーナッツ君とコラボ,ピーナッツ君の枠,2018-04-04,,#FF8000,,,
のらきゃっと、チャンネル登録者数７万人突破,,2018-04-04,,#a5a5a5,,,
猫宮がPUBGソロで一試合24キルを達成　葛葉の23キルを抜き再びvtuber最高記録に,,2018-04-04,,#B45F04,,,
テレ朝深夜番組「サイキ道」でvtuberがMCを務めると発表 初回はシロ,,2018-04-04,,#01A9DB,,,
樋口楓が配信で野球実況,,2018-04-04,,#DF3A01,,,
カバー(ときのそらが所属する会社)、ホロライブをVtuberになれるアプリとしてアプデ配信・専属Vtuberオーディション開催を発表,,2018-04-05,,#0174DF,,,
いちから(にじさんじが所属する会社)、公式Vtuberのオーディションを再開,,2018-04-05,,#31B404,,,
GREE、Vtuber事業に参入を発表,,2018-04-05,,#01DF3A,,,
にじさんじ森中花咲、ボイスを販売とCF開始,,2018-04-05,,#00FF80,,,
にじさんじ1期メンバー、コンプティーク6月号に取材が掲載,,2018-04-05,,#D7DF01,,,
春日部つくし、グッズ販売を開始,,2018-04-05,,#BF00FF,,,
のらきゃっと、ch登録者数7万人を突破！！,,2018-04-05,,#FFBF00,,,
hololive ホロライブリリース,ホロライブアプリアップデート　3Dキャラクターに入り込めるアプリに,2018-04-05,,#0080FF,,,
キズナアイが「八月のシンデレラナイン」に登場,野球する,2018-04-05,,#8000FF,,,
hololiveリニューアル,のじゃろり入ってる,2018-04-05,,#6E6E6E,,,
グリー参入,１００億円投じる,2018-04-05,,#04B431,,,
vtuber撮影可能アプリのパぺ文字がリリースされる,おっさんでもできる,2018-04-05,,#6E6E6E,,,
シロ×のじゃおじ×馬(?)のコラボ告知,,2018-04-05,,#151515,,,
ベイレーンのYUAいじり vs YUAのブロック芸,,2018-04-05,,#4C0B5F,,,
力也のオリジナルソング「Sharpness...」公開,,2018-04-05,,#0B6138,,,
あいえるちゃんねるにてクソコラ大会生放送,,2018-04-05,,#151515,,,
ミソシタ新曲「革命前夜」,,2018-04-05,,#0404B4,,,
田中ヒメ、薬袋カルテ初生放送,,2018-04-05,,#8A0886,,,
製作委員会式vtuber「琴吹ゆめ」発表,,2018-04-05,,#088A08,,,
”シロの日”記念でシロ×のじゃおじ×ばあちゃるのコラボ動画,,2018-04-06,,,,,
シロ→アカリ→アイの四天王生放送リレー,,2018-04-06,,,,,
のじゃおじグッズ発売,,2018-04-06,,,,,
ナイセン新モデル,,2018-04-06,,,,,
にじさんじ公式のギルザレンが競合アプリ(ホロライブ)で遊ぶ,,2018-04-06,,,,,
あっくんの美少女化が流行,,2018-04-06,,,,,
ヨメミ3DモデルはDigitrevx氏の制作と確定,,2018-04-06,,,,,
響木アオ、4/21TSUTAYA三軒茶屋店にて音楽ライブを開催！,,2018-04-06,,#FE2EF7,,,
東雲めぐ、16歳の誕生日！記念ライブを配信,,2018-04-06,,#D7DF01,,,
森中花咲、CF50万円達成！,,2018-04-06,,#01DF3A,,,
キズナアイ、Vtuber初の冠TV番組『キズナアイのBEATスクランブル』放送開始！！！,,2018-04-06,,#FF00BF,,,
ミディ、CH登録者数1万人突破！,,2018-04-06,,#01DFA5,,,
バーチャルyoutuber百っかそん,5/7まで,2018-04-06,,#6E6E6E,,,
シロの記念 3人のコラボ,ウマなのに親ヅラしないで！・・・・ありがと,2018-04-06,,#0174DF,,,
電脳少女シロ、「シロの日」重大発表を行う,,2018-04-06,,#00FFFF,,【電脳少女シロ重大発表】・地上波★レギュラーMC★テレビ朝日にて新番組「サイキ道」4/8開始・コンプティークさんに特集記事４P掲載・LINEスタンプのサンプル公開・のじゃロリさん/馬コラボ本日３本公開・公式グッズ「エビテン ニュータイプ」さんにて本日発売開始,
電脳少女シロ、ebten(エビテン)にて公式グッズ発売開始,,2018-04-06,,#00FFFF,,,
ミライアカリ、10回目の生放送【夜桜生放送】,,2018-04-06,,#2ECCFA,,,
深雪、ソフィアコード、OPENRECの公式ライブストリーマーに就任,,2018-04-07,,#BF00FF,,,
鈴谷アキ、ch登録者数2万人突破！,,2018-04-07,,#FFBF00,,,
DD、ch登録者数1万人突破！,,2018-04-07,,#0080FF,,,
月ノ美兎の放課後ニコ生放送局,ファンメイドの3Dモデルで登場,2018-04-07,,#BF00FF,,,
Vtuber×VRChat クイズ王決定戦,VRC上で行われた,2018-04-07,,#FFBF00,,,
BANs麻雀講座生放送,,2018-04-07,,#088A08,,,
アズマリムと響木アオが荒野行動プレイ,運悪く訴訟トラブル当日に,2018-04-07,,#5F04B4,,,
さはな、ch登録者数2万人、累計再生数100万回突破！,,2018-04-08,,#FACC2E,,,
ニーツ、ch登録者数2万人突破！,,2018-04-08,,#2E9AFE,,,
橙ちとせ、公式グッズを販売開始,,2018-04-08,,#FE9A2E,,,
電脳少女シロ、地上波&レギュラーMCデビュー,,2018-04-08,,#00FFFF,,,
クゥが伝説のクソゲー、四八(仮)をプレイする生放送を敢行,「10年に一度のクソゲー」(2000~2010)とも呼ばれる四八,2018-04-08,,#8A4B08,,,
自動運転車「マイリー」の音声ガイドの声担当がミライアカリに,,2018-04-08,,#086A87,,,
にじさんじコラボ　勇気ちひろ×森中花咲と宇志海いちご×夕陽リリの二本,,2018-04-08,,#088A29,,,
春日部つくし初生放送,,2018-04-08,,#B40486,,,
若菜レイのなんでも言うことを～パロ,,2018-04-08,,#04B404,,,
バーチャルYouTuber事務所、Entum誕生！！！ミライアカリ、猫宮ひなた、ヨメミ、もちひよこ、届木ウカが所属,,2018-04-09,,#848484,,,
かしこまり、チャンネル登録者数3万人突破！,,2018-04-09,,#D7DF01,,,
ENTUM,DUOが発表,2018-04-09,,#0080FF,,,
もちひよこ、事務所（ENTUM）への所属発表。,,2018-04-09,,pink,,,
もちひよこ、チャンネル登録者数２２，２２２人,,2018-04-09,,pink,,,
ミライアカリ、VTuber事務所ENTUMに所属することを発表,,2018-04-09,,#2ECCFA,,,
シロがMCを務める地上波深夜番組「サイキ道」初回放送,,2018-04-09,,#0174DF,,,
ねうファミリーがグッズ化,,2018-04-09,,#0431B4,,,
宇士海いちご、フォロワー数2万人突破！,,2018-04-10,,#D358F7,,,
おめがシスターズ、ch登録者数5千人突破,,2018-04-10,,#D358F7,,,
CGWORLDにVtuber特集、５月号,,2018-04-10,,#FE9A2E,,,
いるはーと、初投稿,,2018-04-10,,#D358F7,,,
vtuber特集を掲載したコンプティーク発売　シロ、にじさんじにミソシタも掲載,,2018-04-10,,#8A4B08,,,
ソシャゲ「ブレイブファンタジア」とのじゃおじがコラボ,,2018-04-10,,#DF3A01,,,
事務所ENTUMが個人3Dvtuberに向けた技術提供(unityコードのアセット)を告知,,2018-04-10,,#0101DF,,,
あさひのデビルマンパロ,,2018-04-10,,#01DFD7,,,
ヨメミ3Dモデル完成　ハイクオリティ,,2018-04-10,,#848484,,,
ときのそら新モデルシルエット公開,,2018-04-10,,#2E9AFE,,,
えのぐ、グッズ再販開始,,2018-04-11,,#FE9A2E,,,
ディープウェブ・アンダーグラウンド 初投稿,4/10の動画でディープウェブ・アンダーグラウンドが「漫画村を燃やす」と宣言していたところ、本日漫画村が本当にアクセス不能に　関連性は不明(内部事情は知っていた模様),2018-04-11,,#A901DB,,,
ネプテューヌ等で有名なゲーム会社コンパイルハートが参入決定,,2018-04-11,,#B404AE,,,
家長むぎ×野良猫のコラボ,,2018-04-11,,#B45F04,,,
twitterにてミライアカリなりすましアカウント事件,,2018-04-11,,#0489B1,,,
キズナアイのものまね企画,,2018-04-11,,#DF01A5,,,
響木アオライブ新衣装お披露目,,2018-04-11,,#FF00FF,,,
ホロライブオーディションのキャラデザ公開,,2018-04-11,,#00BFFF,,,
ミソシタ、ネット記事サイトKAI-YOUに特集される,,2018-04-12,,#0101DF,,,
薬袋カルテ、デザインを一新・表情やモーションも追加,,2018-04-12,,#04B431,,,
もちひよこ、春服の新衣装を公開！,,2018-04-12,,#B404AE,,,
静凛、CH登録者数8万人突破！,,2018-04-12,,#0404B4,,,
キズナアイ、ニュータイプ5月号に取材等が掲載！,,2018-04-12,,#8A0868,,,
輝夜月、ネットニュースサイト『PreBell』にインタビュー記事が掲載！,,2018-04-12,,#D7DF01,,,
ミライアカリ、フォロワー数25万人突破を記念してファンアート用ハッシュタグ 『アカリギャラリー』 が開設,,2018-04-12,,#2ECCFA,,,
ミライアカリ、フォロワー数25万人突破 & ハッシュタグ#アカリギャラリー制定,,2018-04-12,,#2ECCFA,,,
坪倉氏とへルネスを初期メンバーとしてVR制作チーム「HIKKY」設立,,2018-04-12,,#088A4B,,,
オッドアイ、マイクラを計23時間以上ほぼ休みなく配信,,2018-04-12,,#B404AE,,,
プレベルで輝夜月インタビュー記事,,2018-04-12,,#886A08,,,
アルテマでシロインタビュー記事,,2018-04-12,,#088A85,,,
ぽんぽこクラウドファンディング発表　返礼品は信楽焼の手作り陶器,,2018-04-12,,#21610B,,,
月刊ニュータイプでキズナアイ特集,,2018-04-12,,#DF01D7,,,
薬袋カルテ新モデル・表情差分,,2018-04-12,,#088A29,,,
キズナアイ、動画サムネの缶バッジを販売！,,2018-04-13,,#CC2EFA,,,
ドワンゴ、VTuber配信ソフト「Virtual Cast（β）」公開,,2018-04-13,,#A5DF00,,,
ピーナッツくん、CH登録者数2万人突破！,,2018-04-13,,#AEB404,,,
にじさんじメンバーのSHOWROOM公式配信が決定！！JK3人組が明日コラボ配信！,,2018-04-13,,#01DF01,,,
織田信姫 初投稿,,2018-04-13,,#DF01D7,,,
バーチャルキャスト発表,あいえるちゃんねる擁する株式会社インフィニットループがドワンゴと共同開発のVR配信・コミュニケーションサービス「バーチャルキャスト」提供開始,2018-04-13,,#DBA901,,,
猫宮ひなたがねこますを抜き登録者数トップ5人に躍り出る,,2018-04-13,,#DF7401,,,
さょちゃんの怪奇文学ライブ,,2018-04-13,,#B40431,,,
クゥ×樋口楓の映画「セッション」実況放送,,2018-04-13,,#8A2908,,,
あさひのvtuber大集合生放送　あさひ×カルテの生通話も,,2018-04-13,,#0489B1,,,
VRChatでひらがなポーカーあそびコラボ,,2018-04-13,,#08088A,,,
シロが生放送/英訳リメイク動画/マイクラ動画と大量供給,,2018-04-13,,#04B4AE,,,
フィオの「笑ってはいけない」VRC配信,,2018-04-13,,#088A29,,,
雨下カイト、名前が似た有名youtuberの山下カイト氏の動画に出る,,2018-04-13,,#DF013A,,,
ゲーム部のおえかきの森企画,,2018-04-13,,#1C1C1C,,,
ナイセンMMDモデルv2配信開始,,2018-04-13,,#00BFFF,,,
静凛の13日深夜ライブ配信にて、にじさんじメンバー11人での突発声劇が開催,,2018-04-14,,#3A01DF,,,
薬袋カルテ、CH登録者数6万人突破！,,2018-04-14,,#088A08,,,
あみあみ秋葉原ラジオ会館にて、キズナアイの彩色済みフィギュアを展示,,2018-04-14,,#A901DB,,,
にじさんじJK組コラボ、youtube/OPENREC/SHOWROOMの三媒体で配信,,2018-04-14,,#8A2908,,,
夢咲楓がAbemaTVのポケモン番組P-Sportsに出場 勝利はならず,,2018-04-14,,#8A0829,,,
VRChatダンジョン大会,,2018-04-14,,#0B4C5F,,,
キズナアイグッズがアニメイト等で発売開始,,2018-04-14,,#B404AE,,,
アズリムの水プレゼント企画、当選者発表,,2018-04-14,,#0489B1,,,
ミディ、DTMや音楽の専門サイトSpeakfreaksの『DTMの今コレ .1』にインタビュー記事を掲載,,2018-04-15,,#6E6E6E,,,
本日14:00〜 あっくん大魔王率いる『特攻野郎Vチーム』のPUBG10人コラボが開催！,,2018-04-15,,#A901DB,,,
のらきゃっと、本日誕生日(活動1周年)！,のらきゃっと生誕祭2018,2018-04-15,,#2E2E2E,,,
宇士海いちご、本日誕生日！,,2018-04-15,,#FF00FF,,,
ガチ恋サーキュ委員長,恋愛サーキュレーション,2018-04-15,,#FF00BF,,,
秒刊月ノ美兎の髪の毛ランキング #219,よくわからない動画,2018-04-15,,#B40486,,,
にじさんじコラボ三本立て　樋口楓×宇志海いちご、宇志海いちご×森中花咲、家長むぎ×夕陽リリ,,2018-04-15,,#B43104,,,
"Quick,draw!にて輝夜月が高い画力を発揮",,2018-04-15,,#D7DF01,,,
土浦のお祭りでカフェシンギュラリティがVRゲームを出店,カフェ野ゾンビ子,2018-04-15,,#61210B,,,
届木ウカのハイクオリティな360°プラネタリウム動画,,2018-04-15,,#0489B1,,,
有志が委員長のZBrush3Dモデルを作成,,2018-04-15,,#086A87,,,
鳩羽つぐ新作「買い物」,,2018-04-15,,#088A08,,,
岩本芸能社女優部、新曲を5月に発表か,,2018-04-16,,#FF8000,,,
霊電カスカ、新ボディ作成開始！,,2018-04-16,,#424242,,,
ミソシタ、ライブに出演！,,2018-04-16,,#0000FF,,,
Vtuber事務所のEntum、新Vtuberの応募要項を変更！性別不問、18歳以上の募集に,,2018-04-16,,#00BFFF,,,
月ノ美兎、風邪によりラジオ放送延期に,,2018-04-16,,#D358F7,,,
富士葵、4/27(金)に新モデルを動画にて公開！！,,2018-04-16,,#819FF7,,,
VR向け3Dアバターファイル形式「VRM」を開発・提供開始,,2018-04-16,,#F7D358,,,
ドワンゴ、品川に収録と生放送が可能なVRスタジオを新設！ニコニコ本社も設備増強,,2018-04-17,,#00FF80,,,
勇気ちひろ、CH登録者数2万人突破！,,2018-04-17,,#2ECCFA,,,
本日よりにじさんじ公式HPがオープン！！,,2018-04-17,,#D358F7,,,
DD、モデルがバージョンアップ！,,2018-04-17,,#4000FF,,,
万楽えね、OPENREC公式配信者に,,2018-04-17,,#FF00BF,,,
バーチャルyoutuberはじめてみる 本 出版,１０００円＋税,2018-04-17,,#FF8000,,,
詩子お姉さん、際どいBLゲーをプレイしてBANされる。にじさんじで初,,2018-04-18,,#FF00FF,,,
東雲めぐ、CH登録者数2万人突破！,,2018-04-18,,#D7DF01,,,
世界くるみ、OPENREC公式配信者に,,2018-04-18,,#01DF74,,,
かしこまり、CH登録者数4万人突破！,,2018-04-18,,#FACC2E,,,
珠根うた 初投稿,,2018-04-18,,#BFFF00,,,
【MMD】宇志海いちごちゃんのダンスロボットダンス,MMDモデルの披露,2018-04-18,,#DF01A5,,,
ふしまつ対談VTuber学芸会1 #VTuber学会,ふしめつ対談初,2018-04-18,,#FE9A2E,,,
もちひよこ、フォロワー２０，０００人,,2018-04-18,,pink,,,
家長むぎ、ボイス販売を開始！,,2018-04-19,,#D7DF01,,,
輝夜月が待受画像を配布,,2018-04-19,,#A5DF00,,,
20日(金) 21:00〜 歌ってみたMIX講座でミディと樋口楓がコラボ！,,2018-04-19,,#424242,,,
カスタムオーダーメイド3D2に新機能,Vtuberになれるやつ,2018-04-19,,#5F04B4,,,
にじさんじ家長むぎさんの限定ボイスが昨夜８分で完売！,3分で限定ボイス200名超えた,2018-04-19,,#FFBF00,,,
もちひよこ、非公式wikiが開設,,2018-04-20,,#FE2EF7,,,
田中ヒメ、CH登録者数3万人突破！,,2018-04-20,,#FA58F4,,,
本日 25:20〜 にじさんじメンバーによる声劇第2回！,,2018-04-20,,#58ACFA,,,
深雪、初の企業案件(天下百剣)！,,2018-04-20,,#8258FA,,,
9/23、東京都内にてにじさんじオンリー同人誌即売会を開催！,,2018-04-20,,#848484,,,
にじさんじ、ユーザー参加型創作活動として「#にじさんじCREATORS」を始動！,,2018-04-20,,#01DFA5,,,
あっくん大魔王、100万再生達成！！記念にアカペラライブ配信を開催,,2018-04-20,,#CC2EFA,,,
にじさんじ模擬面接がツイッタートレンドにランクイン！,,2018-04-20,,#01DFA5,,,
トリガーマン,デビルマンMADのトリガー版,2018-04-20,,#9A2EFE,,,
にじさんじ疑似面接,ぽんぽこ あさひ 万楽えね ピーナッツ,2018-04-20,,#2EFE64,,,
届木ウカ、旅行中に倒れる…疲れが溜まっていた模様,,2018-04-21,,#01A9DB,,,
月ノ美兎が動画天才に言及。10分でわかるシリーズの転載は許可、配信のまるごと転載は不許可を名言,,2018-04-21,,#9A2EFE,,,
ニーツ、グッズ販売を開始！,,2018-04-21,,#0000FF,,,
響木アオ、本日ライブを開催！ツイッタートレンド2位にランクイン！！,,2018-04-21,,#FE2EF7,,,
雪猫カゥル、本日で活動6周年！！,,2018-04-21,,#8000FF,,,
ぽんぽこ、CH登録者数2万人突破！,,2018-04-21,,#B18904,,,
勇気ちひろ、25日(水)よりYouTubeでの活動開始！,,2018-04-21,,#5858FA,,,
万楽えね、公式HPを開設,,2018-04-21,,#BF00FF,,,
23日(月) 20:00〜 月ノ美兎の第2回みとらじ！ゲストは鈴鹿詩子,,2018-04-21,,#B45F04,,,
響木アオのライブ,TSUTAYA三軒茶屋店,2018-04-21,,#FE2EF7,,,
Vtuber相関図4/22版に更新,,2018-04-22,,#2E2E2E,,,
月ノ美兎、CH登録者数17万人突破！！,,2018-04-22,,#DF7401,,,
渋谷ハジメ、CH登録者数2万人突破！,,2018-04-22,,#04B404,,,
ときのそら、CH登録者数13万人突破！！,,2018-04-22,,#2E64FE,,,
プニキライブ配信が流行,,2018-04-22,,#FF00BF,,,
キズナアイ、ときのそら、翌朝6:30のNHK番組おはBizに出演！,,2018-04-22,,#2E9AFE,,,
万楽えね、クリエイター支援サイトCi-enにて活動開始,,2018-04-23,,#DF01A5,,,
あっくん大魔王、誕生日を迎える(999歳から999歳に),,2018-04-23,,#A901DB,,,
虹河ラキ、公式グッズを発表！,,2018-04-23,,#31B404,,,
おめがシスターズ、CH登録者数1万人突破！記念ライブ配信開催決定！,,2018-04-23,,#81BEF7,,,
織田信姫、CH登録者数5千人突破,,2018-04-23,,#FE2EF7,,,
NHKおはBiz,Vtuber 特集,2018-04-23,,#58ACFA,,,
月ノ美兎の放課後ラジオ 30.4.23,詩子お姉ちゃんと委員長のコラボ,2018-04-23,,#FAAC58,,,
たかじん、リリー博士、魔法少女ちあ、アクリルフィギュアを販売開始！,,2018-04-24,,#585858,,,
スマホゲームのブレイブファンタジアで、けもみみおーこく国営放送とのコラボ『バーチャルのじゃロリ狐娘勇者おじさん』を開催,,2018-04-24,,#FF8000,,,
おめがシスターズ、自身のモデルを使った格闘ゲーム『VtuberFighters』を公開,,2018-04-24,,#7401DF,,,
ぽんぽこ、ピーナッツくん、OPENREC公式ストリーマーに就任！,,2018-04-24,,#FF8000,,,
5/5(土) 、ニコ生にてVtuber人狼を開催！ 出演者：ゲームマスター／ばあちゃる プレイヤー：桜樹みりあ(ゲーム部プロジェクト) / 電脳少女シロ / ときのそら / 猫宮ひなた / ねこます / 富士葵 / ミライアカリ,,2018-04-24,,#D7DF01,,,
静凛、CH登録者数9万人突破！,,2018-04-24,,#0000FF,,,
フル版 ふしまつ対談 VTuber学芸会5 #VTuber学会,ねこますさんが未来について語る,2018-04-24,,#FE642E,,,
キズナアイの番組のスポンサー１社おりる,理由この番組が視聴者やユーザー、スポンサーをバカにしていると感じたから。これ以上応援できない。,2018-04-24,,#FF00BF,,,
バーチャル人狼 発表,5/5に開催,2018-04-24,,#2E2E2E,,,
微糖カイジの豪遊雑談,,2018-04-24,,#088A29,,,
グリーVtuberオーディション,Wright Flyer Live Entertainment,2018-04-24,,#31B404,,,
電脳少女シロ、Twitterフォロワー20万人,,2018-04-24,,#00FFFF,,,
微糖カイジ、CH登録者数2万人突破！,,2018-04-25,,#04B45F,,,
バーチャルYouTu“BAR“出演者最後の一枠はのらきゃっとが登場！,,2018-04-25,,#61380B,,,
ときのそら、自身の曲『夢色アスタリスク』がJOYSOUNDで配信開始！,,2018-04-25,,#5F04B4,,,
シロ、フォロワー20万人突破！！,,2018-04-25,,#01DFD7,,,
清楚ャーン,超カオスなMAD,2018-04-25,,#8000FF,,,
5/5(土) 20:30〜 えのぐ、YouTubeにてオリジナル曲をライブ配信！,,2018-04-26,,#B45F04,,,
ケリン、CH登録者数5千人突破,,2018-04-26,,#088A29,,,
輝夜月ちゃん SHOWROOMでの生配信決定！！,,2018-04-26,,#AEB404,,,
黒い砂漠の運営会社がVtuber支援企画を開始！,,2018-04-26,,#B45F04,,,
富士葵、教育チャンネルとしてあおい’sきっずを設立,,2018-04-26,,#01A9DB,,,
フィオ、VtuberとしてVR法人HIKKYに所属を発表！,,2018-04-26,,#31B404,,,
微糖カイジ、著作権違反による動画削除申請を受ける…,,2018-04-26,,#04B45F,,,
微糖カイジ 消える,,2018-04-26,,#B18904,,,
電脳少女シロ、ラジオ初出演,,2018-04-26,,#00FFFF,,,
シロ、フィギュア化計画開始！！,,2018-04-27,,#00BFFF,,,
はちゃち、CH登録者数1万人突破！,,2018-04-27,,#FFBF00,,,
ぽんぽこが24時間生放送のタイムスケジュールを発表！,,2018-04-27,,#DF7401,,,
バーチャルゴリラ、CH登録者数2万人突破！,,2018-04-27,,#1C1C1C,,,
オッドアイ、小山内めい、CH登録者数1万人突破！,,2018-04-27,,#B404AE,,,
Vtuberが2000人超え！！,,2018-04-27,,#01DFD7,,,
富士葵、新しい姿をお披露目！CH登録者数7万人突破！ツイッターとYahoo検索でトレンド入り！,,2018-04-27,,#00BFFF,,,
電脳少女シロ、1/7フィギュア化計画を発表 Tokyo Otaku Mode＆壽屋とコラボ,1月7日,2018-04-27,,#58FAF4,,,
Vtuber文化論発表,Vtuber文化のまとめ,2018-04-27,,#045FB4,,,
もちひよこ、チャンネル登録者数２５，０００人,,2018-04-27,,pink,,,
バーチャルYouTu“BAR“,,2018-04-28,2018-04-30,green,,,
雨下カイト、これまでのVtuberの活動を振り返る生放送を開催！,,2018-04-28,,#58D3F7,,,
シークレットになっていた、ニコニコ超会議2日目のラストを飾るのは、電脳少女シロ！お悩み相談…ではなく、パイーン会を開催するとのこと,,2018-04-28,,#AEB404,,,
つのはねあかぎ、pixivFANBOXを開始,,2018-04-28,,#8A0886,,,
アカホシ大佐を皮切りに、一部で幼女化が流行る,,2018-04-28,,#FF4000,,,
カフェ野ゾンビ子、5/4(金)24:00〜25:00に生放送開催！,,2018-04-28,,#B45F04,,,
乾伸一郎、海月ねう、3Dモデルが完成！,,2018-04-28,,#00BFFF,,,
あさひ、メガネが壊れる,,2018-04-28,,#585858,,,
Vtuber 超会議にて　[超バーチャルYouTu“BAR”]開催,,2018-04-28,,#DF7401,,,
電脳少女シロ、ニコニコ超会議出演,,2018-04-28,,#00FFFF,,,
のらきゃっと、ニコニコ超会議「超バーチャルYouTu“BAR“」に出演,,2018-04-28,,#a5a5a5,,,
のらきゃっと、Twitterフォロワー数６万人突破,,2018-04-28,,#a5a5a5,,,
ミライアカリ、ニコニコ超会議に参加、超バーチャルYouTuBARでバーテンダーをつとめる,,2018-04-28,,#2ECCFA,,,
響木アオ、5/14(月)に2回目のリアルイベントが開催決定！！,,2018-04-29,,#DF01D7,,,
ケリン、ニコニコの例のアレ24時間ランキングで新作動画が初めて1位を取る,,2018-04-29,,#04B431,,,
キズナアイ、Unity関連の国内最大のカンファレンスイベント『Unite Tokyo 2018』に、スペシャルゲストとして出演！,,2018-04-29,,#BF00FF,,,
ユキミお姉ちゃん、アクリルフィギュアを販売開始！,,2018-04-29,,#FE2EF7,,,
イラスト特化型のTwitter検索サービス『蒼天画廊』がCFを開始。返礼品はVtuber10人の特典ファイル,,2018-04-29,,#FF8000,,,
魔法少女ちあのゲーム『ちあは魔法少女』が有志にて作られる,,2018-04-29,,#FF00FF,,,
ニコニコ超会議の超音楽祭でキズナアイが大トリ！！小林幸子と千本桜をコラボし、さらに小林幸子もバーチャルの体を手に入れる,,2018-04-29,,#D7DF01,,,
バーチャルおばあちゃん、CH登録者数9万人突破！,,2018-04-29,,#FF8000,,,
名取さな、CH登録者数1万人突破！,,2018-04-29,,#FE2EF7,,,
おめがシスターズ、初ライブ配信,,2018-04-29,,#D358F7,,,
あさひ、2代目のメガネはRay-Ban製を購入,,2018-04-29,,#2ECCFA,,,
霊電カスカ、活動再開・新3Dモデル完成か。新作動画が公開される！,,2018-04-30,,#2EFEC8,,,
ミライアカリとヨメミが2回目のコラボ！PUBGをタッグプレイ,,2018-04-30,,#2E9AFE,,,
富士葵、CH登録者数8万人突破！,,2018-04-30,,#2ECCFA,,,
ときのそら、CH登録者数7万人突破！,,2018-04-30,,#58ACFA,,,
公野ゆめか、MMDモデル配布開始！,,2018-05-01,,#FE2EF7,,,
月ノ美兎、静凛、樋口楓がニコニコ超会議の後夜祭ライブ配信を各々のチャンネルで同時開催！,,2018-05-01,,#FE642E,,,
TBSのサンデージャポンでVtuberが紹介される,,2018-05-01,,#5FB404,,,
ミラティブがにじさんじ専用ギフトを用意！,,2018-05-01,,#01DFA5,,,
5/12(土) にじさんじ一期生による人狼コラボを開催！,,2018-05-01,,#FE9A2E,,,
ケリン、最新動画がその他カテゴリ合算24時間ランキングでも1位を取る,,2018-05-01,,#088A29,,,
あさひ、オリジナルラップ『歩み』を投稿,,2018-05-01,,#0489B1,,,
乾伸一郎、3Dモデル用のソフトをフルプライスで買うも、同日中にセールが始まる,,2018-05-01,,#8A4B08,,,
月ノ美兎、静凛、樋口楓、物述有栖、アズマリムのスーパーチャットが解禁される！！すでに過去ライブ配信ページで投げ銭が行われる,,2018-05-01,,#DF0174,,,
物述有栖、schwarz氏より3Dモデルが配布される,,2018-05-02,,#FFFF00,,,
富士葵、初のライブ配信！Twitterトレンド入りも,,2018-05-02,,#2ECCFA,,,
ミディ、pixivFANBOXを開設,,2018-05-02,,#6E6E6E,,,
勇気ちひろ、CH登録者数3万人突破！,,2018-05-02,,#0080FF,,,
株式会社mikai、専属Vtuberの募集を開始。期限は5/20まで,,2018-05-02,,#00FFBF,,,
OPENRECにて、ゲーム配信に特化した新バーチャルライバーグループ「にじさんじゲーマーズ」が活動を開始！今後は定期放送を予定。またOPENRECのみの新メンバーも登場,,2018-05-02,,#2E2E2E,,,
宇士海いちご、フォロワー数3万人突破！,,2018-05-02,,#DF01D7,,,
剣持刀也、伏見ガクの3Dモデルが公開、配布される！,,2018-05-02,,#2E2E2E,,,
ケリン、急上昇ランキングでキズナアイに次ぐ2位に浮上！CH登録者数1万人突破！,,2018-05-02,,#088A08,,,
株式会社DUO、pixivにて『ミライアカリが決める！ 新VTuber募集コンテスト』を開催！,,2018-05-02,,#00BFFF,,,
霊電カスカ、活動開催！！動画も投稿,,2018-05-03,,#00BFFF,,,
フィオ、笑ったら負け凸待ちライブを開催！,,2018-05-03,,#01DF74,,,
かしこまり、フォロワー2万人突破！,,2018-05-03,,#DBA901,,,
響木アオ、CH登録者数2万人突破！,,2018-05-03,,#CC2EFA,,,
.LIVE公式ライバー、活動開始・顔公開,,2018-05-03,,#2E2E2E,,,
田中ヒメ、CH登録者数4万人突破！,,2018-05-03,,#FE2EF7,,,
小山内めい、アクセスキーホルダーを販売開始！,,2018-05-03,,#DF7401,,,
ぽんぽこ、ピーナッツ、24時間放送を開始！！トレンド1位、急上昇1位に。CH登録者数3万人突破！,,2018-05-03,,#FFBF00,,,
ときのそら、新衣装を公開,,2018-05-03,,#0000FF,,,
アイドル部デビュー,,2018-05-04,,black,,,
ピーナッツくん、CH登録者数4万人突破！,,2018-05-04,,#FFBF00,,,
あさひ、CH登録者数より先にフォロワー数が1万人突破する！,,2018-05-04,,#00BFFF,,,
ぽんぽこ、24時間放送の凸企画ででDEKAKINとコラボする。スマートニュースで記事が作成される,,2018-05-04,,#FFBF00,,,
かしこまり、CH登録者数5万人突破！,,2018-05-04,,#D7DF01,,,
シロ出演の番組『サイキ道』、CSテレ朝第1、2回が今夜10時に再放送,,2018-05-04,,#2ECCFA,,,
えのぐ、初ライブを生放送で開催、オリジナル曲を披露！無事成功させる！！,,2018-05-05,,#FFBF00,,,
VRの可能性を追求していく放送局として、『VRoadCaster』が始動！,,2018-05-05,,#585858,,,
輝夜月のSHOWROOM配信でのポイントは昨日1回だけで235万！バーチャルYouTuber総合ランキングで3位に,,2018-05-05,,#AEB404,,,
ピーナッツくん、YouTubeのバグによりCH登録者が43000人から38000人に減る,,2018-05-05,,#FFBF00,,,
富士葵、CH登録者数9万人突破！,,2018-05-05,,#01A9DB,,,
物述有栖、勇気ちひろ、森中花咲、宇士海いちご、にじさんじロリ組コラボを開催！,,2018-05-05,,#A901DB,,,
輝夜月、初ライブ配信！！8万人近くが来場・キズナアイがSPギフトの累計ランキング1位に！ばあちゃる、東雲めぐもランキング上位入り！,,2018-05-05,,#D7DF01,,,
深雪、コミティアに参加しオリジナルグッズを販売する,,2018-05-05,,#CC2EFA,,,
DD、LINEスタンプを販売開始！,,2018-05-05,,#2E64FE,,,
バーチャルYouTuber人狼が開催！！37万人以上が来場,,2018-05-05,,#848484,,,
ミライアカリ、バーチャルYouTuber人狼にて電脳少女シロ、ときのそら、ねこます、富士葵、猫宮ひなた、桜樹みりあ、ばあちゃると共演,,2018-05-05,,#2ECCFA,,,
ケリン、フォロワー10000人突破！,,2018-05-06,,#04B45F,,,
あっくん大魔王、深夜の雑談配信で.LIVEアイドル部メンバーやばあちゃるが押しかけて来る,,2018-05-06,,#04B45F,,,
ゴリラ、6/10(日) 渋谷にて初のワンマンライブを開催！！,,2018-05-06,,#424242,,,
れらたん主催の人狼コラボが開催！,,2018-05-06,,#CC2EFA,,,
鈴谷アキ、CH登録者数30000人突破！,,2018-05-06,,#CC2EFA,,,
電脳少女シロ、チャンネル登録者数 45万人,,2018-05-06,,#00FFFF,,,
霊電カスカ、pixivFANBOXを開設,,2018-05-07,,#01A9DB,,,
樋口楓、CH登録者数10万人突破！！,,2018-05-07,,#FE642E,,,
キズナアイ、フォロワー40万人突破！！,,2018-05-07,,#FE2EF7,,,
ロボ子、CH登録者数20000人突破！,,2018-05-07,,#FA58D0,,,
電脳少女シロ、「Unite Tokyo 2018」へ出演,,2018-05-07,2018-05-10,#00FFFF,,,
いちから、『にじさんじSEEDs』のオーディション募集スタート！！5月15日締切　同時に、一時〆切していたキャラクターから作る随時募集オーディションも再開！,,2018-05-08,,#D358F7,,,
ミディ、新曲『超絶爽快adventure』を発表,,2018-05-08,,#6E6E6E,,,
静凛、CH登録者数10万人突破！！,,2018-05-08,,#0000FF,,,
東雲めぐ、CH登録者数20000人突破！5/12(土)ゲームイベント『C4LAN』に登場！たくあんマン缶バッジを配布,,2018-05-09,,#FFBF00,,,
魔法少女ちあ、夜桜たま、CH登録者数10000人突破！,,2018-05-09,,#DF0101,,,
静凛と樋口楓、5/10(木) 21:00〜W登録者数10万人ありがとうLIVEを開催！,,2018-05-09,,#2E2E2E,,,
勇気ちひろ、BOOTHにてボイス販売開始！,,2018-05-10,,#013ADF,,,
ユキミお姉ちゃん、アクネッティ、pixivFANBOXを開設,,2018-05-10,,#DF01D7,,,
剣持刀也、CH登録者数50000人突破！,,2018-05-10,,#6E6E6E,,,
あっくん大魔王、YouTubeの自チャンネルが収益化解禁！,,2018-05-10,,#BF00FF,,,
ミライアカリ、生放送が毎週に、アーカイブは一週間限定の公開に,,2018-05-11,,#2ECCFA,,,
パゲ美、CH登録者数10000人突破！,,2018-05-12,,#FF00FF,,,
北上双葉、CH登録者数10000人突破！,,2018-05-12,,#5858FA,,,
藤崎結愛、CH登録者数50000人突破！,,2018-05-12,,#BE81F7,,,
万楽えね、CH登録者数2万人突破！,,2018-05-13,,#DA81F5,,,
微糖カイジ、キャラデザを万楽えねが作成、名前を『天開司』に改名！,,2018-05-13,,#01DF01,,,
木曽あずき、巣黒るい、CH登録者数1万人突破！,,2018-05-13,,#FE9A2E,,,
金剛いろは、花京院ちえり、CH登録者数1万人突破！,,2018-05-13,,#BFFF00,,,
おめがシスターズ、CH登録者数2万人突破！,,2018-05-13,,#58ACFA,,,
かしこまり、初ライブを6/8(金)19:00から開催！！,,2018-05-13,,#F7D358,,,
乾伸一郎、CH登録者数4万人突破！,,2018-05-13,,#FAAC58,,,
Bitstar、演者オーディションを20日まで募集開始,,2018-05-14,,#848484,,,
はちこ、はちゃち、CH登録者数1万人突破！,,2018-05-14,,#FACC2E,,,
ロボ子、CH登録者数2万人突破！,,2018-05-14,,#9A2EFE,,,
VRoadCasterがpixivFANBOXを開設,,2018-05-14,,#424242,,,
響木アオ、リアルトークライブを開催！！,,2018-05-14,,#FE2EF7,,,
萌美ヨメミ、CH登録者数20万人突破！！,,2018-05-15,,#FF00BF,,,
ケリン、CH登録者数2万人突破！新作動画がニコニコ24時間総合ランキングで1位に！,,2018-05-15,,#31B404,,,
薬袋カルテ、活動3ヶ月を迎えるも自身のPCスペックの低さを実感し打ちひしがれる,,2018-05-15,,#01DF74,,,
パンディ、ついにプニキでロビンを撃破！！,,2018-05-15,,#D7DF01,,,
ときのそら、本日誕生日！,,2018-05-15,,#00FFFF,,,
ミライアカリが歌った『ECHO』が素晴らしいと話題に,,2018-05-15,,#2ECCFA,,,
ミライアカリ、初の歌ってみた動画を投稿(ECHO),,2018-05-15,,#2ECCFA,,,
バーチャルおばあちゃん、CH登録者数10万人突破！！,,2018-05-16,,#FF8000,,,
パンディ、自CHを開設！,,2018-05-16,,#D7DF01,,,
巣黒るい、pixivFANBOX,,2018-05-16,,#DF7401,,,
アリシアソリッド率いる黒い砂漠のVtuberギルド名が『仮想の住人』に決定。,,2018-05-16,,#AEB404,,,
ヨメミ、月ノ美兎がコラボ動画を投稿！,,2018-05-16,,#585858,,,
届木ウカ、アクリルフィギュアを販売開始！,,2018-05-16,,#0489B1,,,
姉崎ユキミ、CH登録者数1万人突破！,,2018-05-16,,#8904B1,,,
ミライアカリが歌ったECHO、動画急上昇1位に！！,,2018-05-16,,#01A9DB,,,
あっくん大魔王、アクリルフィギュアを販売開始！,,2018-05-16,,#6A0888,,,
あっくん大魔王、ケリン、pixivFANBOXを開設！,,2018-05-16,,#4B8A08,,,
ハッカドール、Vtuber活動開始を発表！！,,2018-05-16,,#0489B1,,,
ミライアカリ、5/22、23に日本マイクロソフト主催の『decode 2018』に出演！,,2018-05-17,,#08298A,,,
名取さな、叶(にじさんじゲーマーズ)、CH登録者数2万人突破！,,2018-05-17,,#8A084B,,,
富士葵、CH登録者数10万人突破！！,,2018-05-17,,#0431B4,,,
コトダマン公式により、ナイセンがコトダマン化される,,2018-05-17,,#08298A,,,
あさひ、pixivFANBOXを開設！,,2018-05-17,,#045FB4,,,
姉崎ユキミ、OPENREC公式ストリーマーに就任！,,2018-05-17,,#6A0888,,,
猫乃木もち、CH登録者数1万人突破！,,2018-05-17,,#8A2908,,,
姫宮縷愛、アクリルフィギュアを販売開始！,,2018-05-17,,#8A0868,,,
シロ、CH登録者数46万人突破！！,,2018-05-17,,#086A87,,,
アクネッティ、pixivFANBOXを開設！,,2018-05-17,,#2E2E2E,,,
ばーちゃる神さま、OPENREC公認ストリーマーに就任！,,2018-05-17,,#8A4B08,,,
電脳少女シロ、チャンネル登録者数 46万人,,2018-05-17,,#00FFFF,,,
おだのぶ、アクリルフィギュアを販売開始！,,2018-05-18,,#688A08,,,
ギルザレンⅢ世、CH登録者数2万人突破！,,2018-05-18,,#424242,,,
シロウケン、八重沢なとり、CH登録者数1万人突破！,,2018-05-18,,#B40431,,,
織田信姫、四魔師団長を召喚。全員がTwitterアカウントを開設,,2018-05-18,,#3104B4,,,
DD、中国最大の同人イベントCOMIC UPに出演,,2018-05-19,,#08088A,,,
ClasterVRを使用した月ノ美兎のVR教室生放送が開催！,,2018-05-19,,#8904B1,,,
ハンゲームの歌謡タイピング劇場にないせんのうたが登場！,,2018-05-19,,#086A87,,,
かしこまり、CH登録者数6万人突破！,,2018-05-19,,#868A08,,,
電脳少女シロ、テレビ東京のマツコ監禁に出演！全国ネット地上波テレビ放送の初出演Vtuberになる,,2018-05-19,,#0489B1,,,
電脳少女シロ、動画総再生回数4000万,,2018-05-19,,#00FFFF,,,
キズナアイ、A.I. GamesのCH登録者数が80万人突破！！,,2018-05-20,,#8A0868,,,
キズナアイ、6/30にアンソロジーコミックが発売！,,2018-05-20,,#610B5E,,,
本日で.LIVEのアイドル部が全員デビュー完了,,2018-05-20,,#AEB404,,,
届木ウカ、CH登録者数3万人突破！,,2018-05-20,,#2EFE9A,,,
白鳥甘羽、pixivFANBOXを開設,,2018-05-20,,#6E6E6E,,,
東雲めぐ、日経トレンディに取材を受ける 生放送の様子が収録される,,2018-05-20,,#F7D358,,,
ふぇありす、CH登録者数1万人突破！,,2018-05-20,,#D358F7,,,
届木ウカ、pixivFANBOXを開設,,2018-05-20,,#58FAD0,,,
森中花咲、CH登録者数3万人突破！,,2018-05-21,,#A5DF00,,,
あっくん大魔王、OPENREC公式ストリーマーに就任！,,2018-05-21,,#9A2EFE,,,
電脳少女シロ、CH登録者数464646人突破！！,,2018-05-21,,#2EFEF7,,,
株式会社BitStarにより、アマリリス組がVtuber事業として本格活動開始！,,2018-05-21,,#B404AE,,,
"電脳少女シロ、チャンネル登録者数 464,646人",,2018-05-21,,#00FFFF,,,
牛巻りこ、CH登録者数1万人突破！,,2018-05-22,,#D7DF01,,,
クラスターとマクアケにより、現在2DVtuberの3Dモデル化をサポートする新プロジェクト「サンジゲンカProject」を発足！！,,2018-05-22,,#01DFA5,,,
家長むぎ、田中ヒメ、CH登録者数5万人突破！,,2018-05-22,,#086A87,,,
モスコミュール、CH登録者数1万人突破！,,2018-05-22,,#DF7401,,,
おめがシスターズ、動画総再生数100万回突破！,,2018-05-22,,#FE2E9A,,,
ミライアカリ、de:code2018に参加　生放送を行う,,2018-05-22,2018-05-24,#2ECCFA,,,
もちひよこ、怪我をして救急車を呼ぶ事態に…viveのベースステーションの落下のためか,,2018-05-23,,#FA58F4,,,
ディープブリザード、CH登録者数2万人突破！,,2018-05-23,,#9A2EFE,,,
女神エルミナ、OPENREC公式ストリーマーに就任,,2018-05-23,,#B404AE,,,
Icotsu、アクリルフィギュアの販売開始！,,2018-05-23,,#190710,,,
ユリイカ8月号にバーチャルYouTuberが特集される。届木ウカ、月ノ美兎、赤月ゆに、万楽えね、皇牙サキがエッセイを寄稿,,2018-05-23,,#151515,,,
森中花咲、ライブ配信で大人に変身した姿を披露！,,2018-05-23,,#40FF00,,,
キスの日に合わせ、ミライアカリを始めTwitterが盛り上がる,,2018-05-23,,#81F7F3,,,
ロボ子、森中花咲、本日誕生日！！,,2018-05-23,,#848484,,,
アクネッティ、OPENREC公式ストリーマーに就任！,,2018-05-23,,#58FAAC,,,
万楽えねがバイオリンで愛の挨拶の演奏動画をTwitterで披露,,2018-05-23,,#D358F7,,,
電脳少女シロがMCを勤めるTV番組『サイキ道』が好評により「サイキ道 バラステ誕生SP! !」として特番が決定！！6/8(金) 26:55〜,,2018-05-24,,#2EFEC8,,,
けもみみおーこく国営放送をモチーフにしたワールド『Kemomimi Town』がパブリック化！,,2018-05-24,,#FE9A2E,,,
ときのそら、5/26(土)にClasterでのライブ配信を開催！,,2018-05-24,,#58FAD0,,,
六道冥がUnityのプログラマーを募集,,2018-05-24,,#8904B1,,,
田中ヒメクソMADグランプリが開催,,2018-05-24,,#FE2E9A,,,
キズナアイ、マリオカート『キズナアイ杯』の参加Vtuberを募集！！,,2018-05-24,,#D358F7,,,
ぽんぽこ、CH登録者数4万人突破！,,2018-05-24,,#FFBF00,,,
名取さな、CH登録者数3万人突破！,,2018-05-24,,#DF01D7,,,
カバー株式会社がVtuberの配信サービスエンジニアを募集,,2018-05-24,,#6E6E6E,,,
文野環、喉の酷使により1週間のドクターストップ…,,2018-05-24,,#FE9A2E,,,
にじさんじ1期生のボイス付きLINEスタンプが発売！！売上ランキング1位に,,2018-05-24,,#848484,,,
ねこます、みここのフィギュア化が決定！！,,2018-05-25,,#FA8258,,,
万楽えね、YouTubeでのライブ放送規制が解禁 記念に月ノ美兎、鈴鹿詩子とコラボ(OPENRECで),,2018-05-25,,#DA81F5,,,
電脳少女シロ、ねんどろいど化決定！,,2018-05-25,,#81F7D8,,,
シロウケン、OPENREC公式ストリーマーに就任,,2018-05-25,,#FE9A2E,,,
魔王ヘルネス、現行・配布3Dモデルの一部にTda式を使用しており、規約違反をしていたことが判明… 現在のヘルネスモデルは破棄、新モデル作成を明言,,2018-05-25,,#FE2E9A,,,
万楽えね、過去に描いた漫画を公開,,2018-05-25,,#CC2EFA,,,
ディープブリザード、イラスト製作依頼の料金目安を公開(Vtuber向け料金),,2018-05-26,,#DA81F5,,,
ニーミの3Dモデルを公開、ニコニ立体で配布！,,2018-05-26,,#F4FA58,,,
ときのそら、cluster.を使用したライブ配信を開催,,2018-05-26,,#58FAF4,,,
世界クルミ、オリジナルLINEスタンプが発売,,2018-05-26,,#64FE2E,,,
魔法少女ちあ、公式サイトがオープン！,,2018-05-26,,#FA58F4,,,
輝夜月、figma化決定！！,,2018-05-26,,#FFBF00,,,
ミライアカリ、ねんどろいど化決定！！,,2018-05-26,,#00FFFF,,,
薬袋カルテ、CH登録者数7万人突破！,,2018-05-26,,#04B404,,,
叶(にじさんじゲーマーズ)、ボイス販売開始！,,2018-05-26,,#DF7401,,,
ニーツ、3DモデルとUTAU音源を配布開始！,,2018-05-26,,#0080FF,,,
VRoadCasterの公式HPが開設,,2018-05-27,,#08088A,,,
赤羽葉子、CH登録者数2万人突破！,,2018-05-27,,#FE2E2E,,,
歌衣メイカ、アクリルフィギュアを販売開始！,,2018-05-27,,#848484,,,
響木アオ、新作動画がニコニコの24時間総合ランキングで1位に！,,2018-05-27,,#F781F3,,,
ウェザーロイドAiri、CH登録者数3万人突破！,,2018-05-27,,#81F7F3,,,
"電脳少女シロ、チャンネル登録者数 469,300人",,2018-05-27,,#00FFFF,,,
名取さな、CH登録者数とフォロワー数が4万人突破！,,2018-05-28,,#F781F3,,,
はちこ、アパレルブランド42とコラボ！,,2018-05-28,,#FAAC58,,,
エルフのえる、CH登録者数7万人突破！,,2018-05-28,,#80FF00,,,
勇者ことねの3Dモデルがニコニ立体で配布開始,,2018-05-28,,#FE9A2E,,,
Icotsu、CH登録者数1万人突破！,,2018-05-28,,#2E2E2E,,,
バーチャルYouTuberが3000人超え！！ファン総数は1000万人規模に！,,2018-05-28,,#FFBF00,,,
バーチャルYouTuberのコンテンツを楽しみたい人ためのアプリ『FEVR』がリリース！(iOSのみ、Android版は6月上旬),,2018-05-28,,#F5DA81,,,
キズナアイ、ローソンで6/5から「キズナアイ」キャンペーン実施決定！限定描き下ろしイラストのオリジナルグッズなど,,2018-05-29,,#DA81F5,,,
さはな、pixivFANBOX開設,,2018-05-29,,#F4FA58,,,
キズナアイのアニメイトコラボカフェが本日よりオープン！,,2018-05-29,,#FF00BF,,,
藤崎由愛、自分がVtuberだということに気付く,,2018-05-30,,#F781F3,,,
田中ヒメ、鈴木ヒナのデビューに合わせCH名をHimeHinaChannelに変更,,2018-05-30,,#FE2EF7,,,
にじさんじSEEDsオーディションが2次審査まで終了 6月上旬デビュー予定,,2018-05-30,,#9FF781,,,
もちひよこ、フォロワー２５，０００人,,2018-05-30,,pink,,,
VTuber支援プロジェクト「upd8」開始,,2018-05-31,,yellow,,,
じーえふちゃんの中身が決まり、Vtuberデビュー！(22歳バツイチ子持ち女子大生),,2018-05-31,,#848484,,,
ぽんぽこ、pixivFANBOXを開設,,2018-05-31,,#FAAC58,,,
鈴木セシルが自身のモデルの構造を公開,,2018-05-31,,#F7FE2E,,,
Activ8が、バーチャルタレント本人やバーチャルタレントを目指す個人・チームを応援するプロジェクト「upd8（アップデート）」を開始！また、Activ8がキズナアイの運営に携わっていることを公に初めて発表！,,2018-05-31,,#2E2E2E,,,
ミライアカリ、TORIKAGOの生放送に出演し、マフィア梶田と共演する,,2018-05-31,,#2ECCFA,,,
輝夜月、2回目のライブ配信,,2018-06-01,,#FE9A2E,,,
にじさんじの妹分ユニット『有閑喫茶あにまーれ』が始動！,,2018-06-01,,#FE2E2E,,,
仮面ライバーもやし、OPENREC公式ストリーマーに就任,,2018-06-01,,#FE2EF7,,,
コラボ企画、『パンディのクイズVS』が開催！ゲストMCに樋口楓、回答者に青道アカト、らんまる,,2018-06-01,,#FF8000,,,
のらきゃっと、TV番組『大阪ほんわかテレビ』に出演！！,,2018-06-01,,#6E6E6E,,,
大佐、タマキン、OPENREC公式ストリーマーに就任！,,2018-06-01,,#FFBF00,,,
ファイ博士、12時間生放送の特設HPが開設、生放送の参加ゲスト公開、DDと動画相互出演コラボ！,,2018-06-01,,#F7FE2E,,,
のらきゃっと、大阪ほんわかテレビ「あんたはコーデね～と！」に出演,,2018-06-01,,#a5a5a5,,,
ぽてち、CH登録者数8000人突破 本日だけで2000人以上増加しVtuberランキングの増加数ランキング1位に！,,2018-06-02,,#61380B,,,
天開司、Vtuber活動開始！！本日中にCH登録者数が7000人突破,,2018-06-02,,#4C0B5F,,,
物述有栖、CH登録者数8万人突破！,,2018-06-02,,#DBA901,,,
式じい、昨日付でVtuber活動終了へ…今後はMMD、UTAUファン向け生放送とVRCのみの出演に,,2018-06-02,,#00BFFF,,,
ケリン、CH登録者数3万人突破！,,2018-06-03,,#31B404,,,
ピーナッツくん、職質される,,2018-06-03,,#AEB404,,,
北上双葉、CH登録者数2万人突破！,,2018-06-03,,#086A87,,,
神楽すず、CH登録者数1万人突破！,,2018-06-03,,#08088A,,,
のらきゃっと、CH登録者数8万人突破！,,2018-06-03,,#585858,,,
のらきゃっと、チャンネル登録者数８万人突破,,2018-06-03,,#a5a5a5,,,
ケリン、OPENREC公式ストリーマーに就任！,,2018-06-04,,#21610B,,,
織田信姫、ポプテピピック化した画像が話題に,,2018-06-04,,#B404AE,,,
ロボ子さん、OPENREC公式ストリーマーに就任！,,2018-06-04,,#8A2908,,,
文野環、喉の不調は声帯白板症によるものと判明…まだしばらく療養が必要とのこと,,2018-06-04,,#BDBDBD,,,
イヴ、CH登録者数1万人突破！,,2018-06-05,,#D7DF01,,,
VtuberにYouTubeからバーチャルYouTuberのための勉強会の告知メールが届く しかし会場がリアルでやるとのことで困惑が広まる,,2018-06-05,,#151515,,,
猫又ひなた、ミライアカリが動画でCH交換コラボ！,,2018-06-05,,#FE642E,,,
ねこます、東大の講義にVRで登場する！雨下カイトもゲリラ参加！,,2018-06-05,,#A9F5E1,,,
織田信姫、CH登録者数2万人突破！,,2018-06-06,,#F781F3,,,
アマリリス組、各メンバーのPVが作られる,,2018-06-06,,#F781BE,,,
ミライアカリ、CH登録者数60万人突破！！,,2018-06-06,,#58FAF4,,,
ロボ子、CH登録者数3万人突破！,,2018-06-06,,#F7BE81,,,
輝夜月、CH登録者数70万人！！新作動画が初の急上昇1位に！！,,2018-06-06,,#F5DA81,,,
もこ田めめめ、CH登録者数2万人突破！,,2018-06-06,,#F78181,,,
かしこまり、PANORAにインタビュー記事が掲載,,2018-06-06,,#F4FA58,,,
ミライアカリ、チャンネル登録者数60万人突破,,2018-06-06,,#2ECCFA,,,
文野環、CH登録者数3万人突破！,,2018-06-07,,#FE642E,,,
電脳少女シロ、禍つヴァーツハイトの特番に出演！,,2018-06-07,,#58FAF4,,,
バンダイより、「アイカツ」からVtuber『ナナ』がデビュー！,,2018-06-07,,#DA81F5,,,
ときのそら生放送に富士葵が出演！,,2018-06-07,,#58FAD0,,,
キズナアイ、CH登録者数190万人突破！！！,,2018-06-07,,#FA58F4,,,
輝夜月、株式会社ワンダフルワークスよりフィギュア化決定！！,,2018-06-07,,#F5DA81,,,
猫宮ひなた、LINEスタンプが発売！！,,2018-06-07,,#58FA58,,,
そらあおコラボ,,2018-06-08,,skyblue,,,
「かしこまり」初ライブ,,2018-06-08,,orange,,,
にじさんじ、ゲーマーズより公式グッズの予約受付が開始,,2018-06-08,,#6E6E6E,,,
かしこまり、ミュージックバーMELODIA TOKYOにて初ライブを開催！YouTubeにも配信,,2018-06-08,,#FACC2E,,,
ときのそらと富士葵、コラボ動画を両CHで投稿！,,2018-06-08,,#0040FF,,,
あさひ、12時間ライブ配信を開催！放送中にCH登録者数1万人突破！,,2018-06-08,,#58FAF4,,,
みとらじ第3回！ゲストはパゲ美！,,2018-06-08,,#FA58F4,,,
金剛いろは、CH登録者数2万人突破！,,2018-06-08,,#FACC2E,,,
にじさんじ、男性グループ『VOIZ』が始動！Twitterアカウントを開設,,2018-06-08,,#424242,,,
ハロー、YouTuberプロダクション「ハロクリ」を開始！初回所属メンバーには響木アオが加入,,2018-06-08,,#01DFD7,,,
ときのそら、CH登録者数15万人突破！！富士葵との『ライオン』コラボ動画が動画急上昇3位に！,,2018-06-09,,#58FAF4,,,
夜桜たま、CH登録者数2万人突破！,,2018-06-09,,#9A2EFE,,,
宇森ひなこ コンギョを歌う,,2018-06-10,,pink,,コ〜ンギョ〜コンギョ〜コンギョガップロ〜,
「おいでよ！メゾン・ド・ゴリラ」開催,,2018-06-10,,black,,,
アイカツのVtuberナナ、東京おもちゃショーのバンダイブースに登場,,2018-06-10,,#F5A9F2,,,
ピーナッツくん、CH登録者数5万人突破！,,2018-06-10,,#FFFF00,,,
ロート製薬より、『根羽清ココロ』がVtuberデビュー！,,2018-06-10,,#A9F5F2,,,
勇気ちひろ、スパチャ解禁！,,2018-06-11,,#58ACFA,,,
アズマリム、CH登録者数7万人突破！,,2018-06-11,,#D358F7,,,
剱持刀也、CH登録者数6万人突破！,,2018-06-11,,#A4A4A4,,,
霊殿カスカなど所属のVtuberグループ『トリックスターズ』が誕生！,,2018-06-11,,#82FA58,,,
のらきゃっと、Twitterフォロワー数７万人突破,,2018-06-11,,#a5a5a5,,,
ゲーム部プロジェクト、CH登録者数10万人突破！！,,2018-06-12,,#1C1C1C,,,
織田信姫、CH登録者数3万人突破！,,2018-06-13,,#FE2EF7,,,
緑仙、CH登録者数1万人突破！,,2018-06-13,,#01DF01,,,
白上フブキ、OPENREC公式ストリーマーに就任！,,2018-06-13,,#2ECCFA,,,
.LIVE公式アカウントがマシュマロを開設,,2018-06-13,,#6E6E6E,,,
秋元康プロデュースのVtuber『藤間桜』がデビュー！！4日間でCH登録者数1万人突破！増加数ランキング1位に！,,2018-06-14,,#F7FE2E,,,
夕陽リリ、CH登録者数3万人突破！,,2018-06-14,,#DF01D7,,,
花京院ちえり、CH登録者数2万人突破！,,2018-06-14,,#F781F3,,,
根羽清ココロ、CH登録者数1万人突破！,,2018-06-14,,#81F7D8,,,
電脳少女シロ、ばあちゃる、アイドル部のLINEスタンプが発売！！,,2018-06-14,,#00FF00,,,
織田信姫、ゲーム『Nature Calls』のSteam紹介画像に掲載される 近々ゲーム内にキャラとして初登場予定,,2018-06-14,,#A901DB,,,
カフェ野ゾンビ子、CH登録者数3万人突破！,,2018-06-14,,#DF7401,,,
『バーチャルのじゃロリ狐娘YouTuberおじさんのうた』がiTunesで配信開始,,2018-06-15,,#FE9A2E,,,
富士葵、初のcluster.での生放送を開催 ゲストにときのそらとロボ子が登場！,,2018-06-15,,#2EFEF7,,,
ぽんぽこ、ピーナッツくん、オセロニアの企業案件の動画を投稿,,2018-06-16,,#F3F781,,,
ミディ、クーテトラに提供した楽曲を公開,,2018-06-16,,#FAAC58,,,
海夜叉神、CH登録者数1万人突破！,,2018-06-16,,#81F7F3,,,
出雲霞、CH登録者数8000人突破,,2018-06-16,,#BDBDBD,,,
春日部つくし、pixivFANBOXを開設,,2018-06-16,,#F781F3,,,
初のVtuberオンリーの同人イベント『Youに夢中！』が開催！,,2018-06-16,,#848484,,,
ケリンのララガーデン回がニコニコで再生回数50万回突破,,2018-06-16,,#3ADF00,,,
ミライアカリのECHOが100万再生突破！,,2018-06-16,,#58FAF4,,,
田中ヒメ、CH登録者数7万人突破！,,2018-06-16,,#F781F3,,,
ミライアカリ、ECHOの再生数が100万回突破,,2018-06-16,,#2ECCFA,,,
電脳少女シロ RAGE優勝,,2018-06-17,,#b3fcf6,,,
ねむ、LINEスタンプ発売！,,2018-06-17,,#64FE2E,,,
あっくん大天使がゲリラ降臨,,2018-06-17,,#F5F6CE,,,
花畑チャイカ、CH登録者数9000人突破,,2018-06-17,,#64FE2E,,,
社築、CH登録者数8000人突破,,2018-06-17,,#848484,,,
宇森ひなこ、CH登録者数5000人突破,,2018-06-17,,#F781F3,,,
おめがシスターズ、CH登録者数3万人突破！,,2018-06-17,,#81DAF5,,,
esportsイベント『RAGE』に電脳少女シロ、ねこます等Vtuberが参加！どうぶつタワーバトルをプレイする,,2018-06-17,,#F5DA81,,,
電脳少女シロ、RAGE 2018summer　出場&初代王者,,2018-06-17,,#00FFFF,,,
桜樹みりあ、フォロワー数3万人突破！,,2018-06-18,,#FE2EC8,,,
にじさんじ公式、偽アカウントやなりすましへの注意ツイートをする,,2018-06-18,,#64FE2E,,,
富士葵の誕生日限定グッズが完全受注生産 6/26まで販売開始,,2018-06-18,,#58ACFA,,,
富士葵、本日誕生日！！,記念生放送には多数のvtuberからビデオレターが届く,2018-06-18,,#58FAF4,,ビデオレターでの登場者一覧→ミライアカリ、シロ、ばあちゃる、.LIVE全員、ねこます、猫宮ひなた、ときのそら、かしこまり、桜樹みりあ、カフェ野ゾンビ子、そらのももか、乾物ひもの、イヌージョン、青道アカト。キズナアイちゃんがスパチャを投げる。,
大阪で震度6弱点の地震が発生 多くのVtuberが心配の声や情報などを届ける,,2018-06-18,,#FAAC58,,,
ヘルネスの件に関しのじゃおじが声明文を発表 ,,2018-06-18,,#FF8000,,,
あさひ×ユキミのつよつよPC選考会,,2018-06-18,,#01A9DB,,,
鈴木ヒナもパリピ質問箱チャレンジ ,,2018-06-18,,#04B404,,,
DWUが流行りのゲーム一斉プレイ企画に挑戦,,2018-06-18,,#8904B1,,,
ミソシタCDがAmazonアニメ音楽売れ筋ランキング一位獲得,,2018-06-18,,#0431B4,,,
KADOKAWAよりミライアカリ&シロの公式コミックアンソロジーが発売決定,,2018-06-18,,#01A9DB,,,
バーチャルYouTuber名鑑2018が発売延期発表,,2018-06-18,,#8A4B08,,,
にじさんじ公式スリーブコレクションが発売決定,,2018-06-18,,#B40404,,,
もちひよこ、ウェディングドレス姿を披露,スマホ仕様のもちひよこウエディング動画,2018-06-19,,#FA58F4,,,
岩本町芸能者のHPがリニューアルする,,2018-06-19,,#FAAC58,,,
魔宮ベル、Vtuverデビュー！,,2018-06-19,,#FF0000,,,
ときのそら、アプリ「OVERHIT」の公式Vtuber『メリーベル』とのコラボ動画を投稿,,2018-06-19,,#A9D0F5,,,
淡井シロ氏、本日誕生日！,,2018-06-19,,#08088A,,,
富士葵がアニメ「魔法少女サイト」に声優として出演決定,,2018-06-19,,#58ACFA,,,
ピーナッツくん、オボロリュウ、ももちももがそれぞれワールドカップ実況配信,,2018-06-19,,#AEB404,,,
珠根うたカラオケ配信に星菜日向夏が登場,,2018-06-19,,#04B404,,,
ヒメヒナチャンネルのバイノーラル配信,,2018-06-19,,#DF01A5,,,
ITmedia NEWS TVにてバーチャルキャスト特集　みゅみゅと松井社長が登場,,2018-06-19,,#0B6121,,,
世界クルミ×兎々杜ねもねのコラボ動画,,2018-06-19,,#04B431,,,
のじゃおじの自己紹介動画がミリオン再生達成,,2018-06-19,,#B45F04,,,
ぽんぽこCF返礼品の手作り信楽焼グッズが完成,,2018-06-19,,#FF8000,,,
空想コード+、公式アカウントがpixivFANBOXを開設,,2018-06-20,,#151515,,,
物述有栖、新衣装を公開,,2018-06-20,,#F5DA81,,,
黒い砂漠のキャンペーンで、あっくん大魔王が最優秀賞を受賞！！,,2018-06-20,,#6E6E6E,,,
エイレーンから“日本初”を冠する新VTuberが登場、7月始動,,2018-06-20,,#AC58FA,,,
のじゃおじモデル「みここ」「ねこま」のsecond氏によるMMD配布が終了 ,,2018-06-20,,#61380B,,,
樋口楓がファンメイドの新曲を披露 ,,2018-06-20,,#DF0101,,,
シロ、樋口楓、静凛がそれぞれ生放送によるリネレボ2案件,,2018-06-20,,#0B610B,,,
ハジメ/大魔王/叶/ふぇありすのrealm royaleコラボ,,2018-06-20,,#8904B1,,,
ゲーム「OVERHIT」がときのそらとのタイアップ動画を公開,,2018-06-20,,#0174DF,,,
おめシスの「人を怒らせる方法」ネタ,,2018-06-20,,#B40431,,,
七色れあが麗都つくばにてライブイベント開催,,2018-06-20,,#A901DB,,,
ぼっちぼろまる初生放送&クラウドファンディング開始,,2018-06-20,,#B40404,,,
バーチャルねこ2ndアルバムがリリース,,2018-06-20,,#B45F04,,,
ゲーム「ファイブキングダム」にミライアカリが出演決定,,2018-06-20,,#045FB4,,,
株式会社ZIGよりvtuber100体デビュープロジェクトが発表,,2018-06-20,,#6E6E6E,,,
因幡はねる、CH登録者数5000人突破,,2018-06-21,,#F5DA81,,,
おめがシスターズ、新作動画が急上昇ランキング43位に！,,2018-06-21,,#DA81F5,,,
樋口楓、たん♪氏による『やきもち☆ハートブレイク』を歌った動画を投稿,,2018-06-21,,#F6CEF5,,,
あさひ、白次郎、ちあ、ユキミなど多数のチャンネルが収益化,,2018-06-21,,#04B4AE,,,
西川貴教のニコ生番組にミライアカリ/DUO塚本氏が出演決定,,2018-06-21,,#086A87,,,
ときのそら生放送　ジャージ姿を披露,,2018-06-21,,#04B4AE,,,
御堂カルマの初生放送,,2018-06-21,,#3B0B24,,,
フィオ＆あっくんの笑ってはいけない企画,,2018-06-21,,#088A29,,,
アキ・ローゼンタールがyoutubeデビュー,,2018-06-21,,#DF01D7,,,
朝ノ瑠璃のハイカラ浪漫歌ってみた動画,,2018-06-21,,#BF00FF,,,
ミソシタがライブでの相談室映像を公開,,2018-06-21,,#2E9AFE,,,
緑仙の自作ノベルゲー放送　卯月コウが登場,,2018-06-21,,#3ADF00,,,
第二回V-1が開催決定　今回のテーマは「南国」,,2018-06-21,,#FF4000,,,
ピーナッツくん誕生日イベントが来月開催決定,,2018-06-21,,#D7DF01,,,
黄子ちゃんの新しい姿がお披露目,,2018-06-21,,#FFBF00,,,
Vtuber Fighterがアップデート　まほろ、ゆめか、勇者ことねが参戦,,2018-06-21,,#B43104,,,
「ステラのまほう」作者のくろば・U氏デザインのvtuber「橋野みずは」が発表,,2018-06-21,,#0489B1,,,
月ノ美兎、静凛、樋口楓がコラボ放送『JK組雨宿り配信』を開催,,2018-06-22,,#F8E0E0,,,
ディープブリザード、姉崎ユキミ、春日部つくし、響木アオ、収益化解禁！,,2018-06-22,,#CEF6F5,,,
ミライアカリ、東京ドールズ1周年生放送に出演,ニコ生特番,2018-06-22,,#2ECCFA,,,
KMNZのLITA、LIZがそれぞれ初配信,,2018-06-22,,#A901DB,,,
ときのそらのtwitter企画「くもはれ」にゲストとしてポン子が出演,,2018-06-22,,#01A9DB,,,
にじさんじJK組雨宿り配信,,2018-06-22,,#00FFFF,,,
DD×ファイ博士コラボ動画後半が投稿される,,2018-06-22,,#D7DF01,,,
ナイセンのアナログお絵描き動画,,2018-06-22,,#DBA901,,,
デビちゃん×グエスのコラボ生放送,,2018-06-22,,#151515,,,
ニコニコのPUBG配信者杯に静凛が参加決定,,2018-06-22,,#045FB4,,,
キズナアイの背景イーゼルコンテスト結果発表,,2018-06-22,,#8904B1,,,
「バーチャルのじゃロリ狐娘YouTuberおじさんのうた」がDAMにてカラオケ配信決定,,2018-06-22,,#B45F04,,,
vtuber100体グループ「流星群」オーディション開始,,2018-06-22,,#0489B1,,,
国際アート＆デザイン大学校にpixivライブでの授業が導入、鴨見カモミが講師として参加決定,,2018-06-22,,#B404AE,,,
「キズナアイのBEATスクランブル」放送形態の変更告知　月一60分に,,2018-06-22,,#610B5E,,,
Vティークがチャンネル紹介企画の参加者募集,,2018-06-22,,#8A4B08,,,
ENTUMより新vtuberが登場,,2018-06-23,,#0174DF,,,
にじさんじ合同おえかきの森企画,,2018-06-23,,#088A29,,,
バーチャル忍道せかんど　今回は株式会社コンプも協力,,2018-06-23,,#6A0888,,,
響木アオもツンデレ動画投稿,,2018-06-23,,#B404AE,,,
叶×葛葉のコラボ放送,,2018-06-23,,#088A29,,,
あにまーれメンバー集合のDECEITコラボ,,2018-06-23,,#1C1C1C,,,
第二回ばかよし生放送！,,2018-06-23,,#F5F6CE,,,
緑仙が”ロキ”の歌ってみた動画を投稿,,2018-06-23,,#088A08,,,
カフェ野ゾンビ子、新しい姿を披露、新章突入へ,デザインはでんじろー氏,2018-06-23,,#F5BCA9,,,
ふぇありす、グッズのマグカップを販売開始！,,2018-06-23,,#F2E0F7,,,
織田信姫、本日誕生日の伴い初のライブ配信開催！放送中にCH登録者数4万人突破！,,2018-06-23,,#F781F3,,,
家長むぎ、フォロワー数5万人突破！,,2018-06-23,,#B45F04,,,
宇森ひなこ、CH登録者数8000人突破、エロゲが親に見つかる,,2018-06-24,,#DF01D7,,,
ゲーム「テリアサーガ」が大量に案件発注,シロ/ばあちゃる/萌実/ゲーム部/YUA/かしこまり/有栖/える/双葉/いろは/めめめ,2018-06-24,,#08088A,,,
輝夜月もツンデレ動画を投稿,,2018-06-24,,#868A08,,,
キズナアイバースデーイベントにて販売されるグッズが発表,,2018-06-24,,#8A0886,,,
富士葵がメルカリ案件にてグッズを数点出品,,2018-06-24,,#0B615E,,,
万楽えねvs杉ノ美兎生放送,,2018-06-24,,#04B45F,,,
V-TV,ゲストはトラオム、リノウィス,2018-06-24,,#086A87,,,
新vtuberグループ「V.Attec」が登場,叶/ハジメ/えね/ふぇありす,2018-06-24,,#DF7401,,,
レインボーひかりのンヌグムパロ,,2018-06-24,,#FF8000,,,
人見クリスを、めぐる騒動が話題に運営のホロライブはアカウントを停止,,2018-06-25,,#FF8000,,,
響木アオ、来月から関西ラジオで冠番組『響木アオを応援するラジオ』が開始！！,,2018-06-25,,#CC2EFA,,,
富士葵、先日の生放送で貰ったスーパーチャットの一部を、大阪での地震被災者宛に日本赤十字社に寄付,,2018-06-25,,#0040FF,,,
はちこ、姉妹機の『くろこ』を紹介！近日活動開始,,2018-06-25,,#585858,,,
えのぐ、公式ロゴアンケートを開催 7/2まで,,2018-06-25,,#BDBDBD,,,
琴吹ゆめのヴィレヴァン渋谷本店来訪イベント,,2018-06-25,,#8A0886,,,
「六本木アイドルフェスティバル2018」総合司会がシロに決定,,2018-06-25,,#086A87,,,
ぼっちぼろまるクラウドファンディング、5日で達成,,2018-06-25,,#DF013A,,,
天神子兎音と芹澤優のラジオ番組「芹澤優のVtuberとあ～そぼっ！」放送決定,,2018-06-25,,#BF00FF,,,
ネアが高クオリティの3DモデルでVRChatに進出,,2018-06-25,,#088A85,,,
配信サイト「ふわっち」にvtuberカテゴリが追加,,2018-06-25,,#B404AE,,,
BANトーク,テーマはガッシュベル,2018-06-25,,#0A2A0A,,,
vtuber出演ショートアニメ「カエル王子といもむしヘンリー」放送決定　響木アオなどが参加するショートコーナーも発表,,2018-06-25,,#04B404,,,
vtuberバラエティ番組「VIRTUAL BUZZ TALK!」がTOKYO MXにて放送決定　MCはKMNZ、ゲストにも多数のvtuberが出演,,2018-06-26,,#B60EDC,,,
真空管ドールズに三人目のメンバー登場,,2018-06-26,,#19C1D1,,,
茨城県公式動画サイト「いばキラTV」vtuberのビジュアル一部公開,,2018-06-26,,#14B153,,,
クマトモが「トモ」シリーズ最新作の発表にあたりvtuber化を告知,,2018-06-26,,#A77518,,,
メリーミルク、初のライブ配信開催！,,2018-06-26,,#F6E3CE,,,
もちひよこ、もちぴよのモデルをニコニ立体にて公開,,2018-06-26,,#FA58F4,,,
バーチャルゴリラ、天魔機忍Ver.Gのアクリルフィギュアと自身のTシャツを販売開始！,,2018-06-26,,#424242,,,
北上双葉、CH登録者数3万人突破！,,2018-06-26,,#D358F7,,,
キズナアイが表紙のユリイカ7月号が発売！Vtuber特集が掲載,月ノ美兎/届木ウカ/赤月ゆに/万楽えね/皇牙サキ,2018-06-27,,#A901DB,,,
動く城のフィオ、Twitterで1RTで手を1m大きくするツイートをした結果、491mまで巨大化,,2018-06-27,,#01DF01,,,
樋口楓、CH登録者数12万人突破！,,2018-06-27,,#FE642E,,,
万楽えね、メロンブックスにてポケットティッシュとアクリルキーホルダーが販売開始！,,2018-06-27,,#A901DB,,,
アズマリム、LINEスタンプ販売開始！！,,2018-06-27,,#D358F7,,,
勇気ちひろ、CH登録者数5万人突破！,,2018-06-27,,#58FAF4,,,
電脳少女シロ、ミライアカリとの初コラボ,,2018-06-27,,#00FFFF,,,
ミライアカリ、電脳少女シロとの動画コラボ,コラボ動画2本が各チャンネルにて投稿,2018-06-27,,#2ECCFA,,,
ミライアカリ、西川学園高等学校に出演,西川貴教のニコ生番組,2018-06-27,,#2ECCFA,,,
朝ノ瑠璃初生放送,,2018-06-27,,#8000FF,,,
カフェ野ゾンビ子、ケリン、チャンネル収益化解禁,,2018-06-27,,#61380B,,,
森中花咲イメージソング「パッチワーク」お披露目,,2018-06-27,,#0B610B,,,
いるはーとファーストソング「大好き」お披露目,,2018-06-27,,#DF01D7,,,
ナイセンの新曲「電話革命ナイセン」公開予告動画,,2018-06-27,,#0B615E,,,
オーディオブランド「ACTIVO」がアンバサダーとしてシロを起用,,2018-06-27,,#8A2908,,,
ゲーム”アリス・ギア・アイギス”のキャラ「宇佐元　杏奈」がvtuberデビュー決定,,2018-06-27,,#0B615E,,,
委員長がわんだらーよりフィギュア化決定,,2018-06-27,,#8A4B08,,,
ミディの姉キャラ「メロディ」が登場,,2018-06-27,,#8904B1,,,
東方好きvtuberが集合した「東方雑談まつり」第一夜,,2018-06-27,,#8A2908,,,
ツイキャスがvtuber優遇の収益分配プログラムを導入　第一号はアキ・ローゼンタール,,2018-06-27,,#088A85,,,
シロなど.LIVE組による1000件お悩み相談企画の開催が発表　お悩み募集開始,,2018-06-27,,#01DFD7,,,
ときのそら/ロボ子/静凛/樋口楓のボンバーマンR女子コラボ,,2018-06-28,,#B404AE,,,
エルミナ/ユキミ/ソフィアコードのお絵森女子会コラボ,,2018-06-28,,#04B404,,,
シスター・クレア、CH登録者数3万人突破！,,2018-06-28,,#F2F5A9,,,
のじゃおじ公式コミックアンソロジー発売決定,,2018-06-28,,#8A4B08,,,
ピーナッツくん、白上フブキ×アキ・ローゼンタール、アデリーペンギン等がそれぞれW杯日波戦実況,,2018-06-28,,#5E610B,,,
樋口楓×おめがシスターズのコラボ動画　回転寿司,,2018-06-28,,#B43104,,,
夜桜たまが二週間ぶりに配信,,2018-06-28,,#5F04B4,,,
えるのボイス販売がスタート,,2018-06-28,,#088A08,,,
届木ウカのliving doll化動画,,2018-06-28,,#04B4AE,,,
YouTube公式によるvtuber勉強会が開催,,2018-06-28,,#7401DF,,,
フィオ×あっくんの笑ってはいけない企画リベンジ,,2018-06-28,,#088A08,,,
第二回フィオッソン結果発表、サイバーパンク衣装「VT-210」お披露目,,2018-06-28,,#31B404,,,
ふぇありす/叶/えね/ケン/ケリン/メイカ/ユキミの大規模コラボ,,2018-06-28,,#A901DB,,,
バーチャルねこがキズナアイの誕生日に向けプレゼントとして曲を公開,,2018-06-28,,#DF7401,,,
.LIVE組の合計14時間リレー生放送が告知　放置少女案件,,2018-06-28,,#1C1C1C,,,
にじさんじJK組缶バッジグッズがタイトーのクレーンゲームにて登場決定,,2018-06-28,,#B40431,,,
東海ご当地キャラクター「魔法少女トマトちゃん」vtuber化決定、オーディション開始,,2018-06-28,,#DF0101,,,
茨城県公式動画サイト「いばキラTV」が公式vtuberの全身図公開&名前公募を開始,,2018-06-28,,#04B431,,,
中京テレビが株式会社アイデアクラウドと共同でバイリンガルvtuberプロジェクトを発表,,2018-06-28,,#151515,,,
vtuberランキングのuserlocalに視聴者の類似度の高いvtuberをレコメンドする新機能&カテゴリ「転生組」追加,,2018-06-28,,#045FB4,,,
ヨメミ、本日急遽ENTUMを卒業する 今後はフリーで活動することに,,2018-06-28,,#E6E6E6,,,
株式会社CyberＶ、株式会社DELTAGAMES、株式会社スパーククリエイティブ、Vtuberへの技術的支援での協業を発表,年内に26人デビュー予定とのこと,2018-06-28,,#FAFAFA,,,
キズナアイ、英検3級(相当)の問題に挑戦、見事合格しスマホゲームのデータ削除回避,,2018-06-28,,#FE2EF7,,,
電脳少女シロ、清楚の日,,2018-06-28,,#00FFFF,,,
電脳少女シロ、動画総再生回数4600万,,2018-06-28,,#00FFFF,,,
「ENTUM」から4人の新メンバーがデビュー！,花野蜜/皆守ひいろ/ユメノツキミ/月夜ソラ,2018-06-29,,blue,,,
織田信姫、虹河ラキ、カフェ野ゾンビ子、upd8に参加決定！,,2018-06-29,,#F5DA81,,,
ENTUM新メンバーがデビュー！リレーライブ配信を開催,,2018-06-29,,#2E64FE,,,
おめがシスターズの動画総再生回数が200万回突破！,,2018-06-29,,#BCA9F5,,,
STAR LIGHT projectを脱退するVtuberが相次ぐ 活動の方向性の違いや運営への不信感からか,,2018-06-29,,#1C1C1C,,,
すーぱーそに子、Vtuberデビュー！！,,2018-06-29,,#F5A9D0,,,
茨城県が公認Vtuberを募集 応募は7/11まで,,2018-06-29,,#01DF3A,,,
電脳少女シロ、ばあちゃる、アイドル部とのリレー放送（放置少女＋悩み事１０００個）,,2018-06-29,2018-07-01,#00FFFF,,,
.LIVE組リレー生放送第一日　ばあちゃる/猫乃木もち/シロ/夜桜たま/神楽すず/北上双葉が放置少女&お悩み相談,,2018-06-29,,#B18904,,,
OPENRECの番組「PUBGPARK」に叶が出演　ハジメ/ケリン/タマキン/えね/ケン/ユキミ/葛葉/アンチンも登場,,2018-06-29,,#2A0A12,,,
じーえふちゃんが自己紹介動画を投稿,,2018-06-29,,#292A0A,,,
アズマリムがtwitter投稿動画にてときのそらとコラボ,,2018-06-29,,#0B615E,,,
ちゃんまりクイズ大会　ゲストにピーナッツくん(MC)、ぽんぽこ、蓮実すみ,,2018-06-29,,#AEB404,,,
ぽんぽこ、さな、カイト、ふぇありすなど収益化,,2018-06-29,,#013ADF,,,
アンチンとDWUのコラボ動画,,2018-06-29,,#8904B1,,,
BAN経験者二人を含むぐんない/ヴァイス/ゆきんこのコラボ生放送,,2018-06-29,,#04B4AE,,,
藍兎らびが復活に向け準備中との情報,,2018-06-29,,#B40486,,,
にじさんじゲーマーズに近日3人追加予定との情報,,2018-06-29,,#151515,,,
雑誌「MdN」8月号の表紙に鳩羽つぐが採用決定,,2018-06-29,,#688A08,,,
キズナアイのプロジェクトチームがCEDEC AWARDSのビジュアルアーツ部門にて優秀賞を受賞,,2018-06-29,,#8A0886,,,
株式会社CyberVが二社と合同でバンタンゲームアカデミーにてバーチャルストリーマー開発育成事業を開始,,2018-06-29,,#04B486,,,
ニコ生番組「小野友樹の行こうぜ！友トピア」よりバーチャルキャラクター「トピ男」が誕生　youtubeにチャンネル開設,,2018-06-29,,#FFBF00,,,
.LIVE組リレー生放送2日目　いろは/めめめ/なとり/ちえり/ピノ/りこ/あずき/イオリ,,2018-06-30,,#2A0A12,,,
みとラジ第四回　ゲストは剣持刀也,,2018-06-30,,#DF7401,,,
のじゃおじがお絵描き企画「四天王40分チャレンジ」を提唱、絵描きの間で流行,,2018-06-30,,#B45F04,,,
BANトーク　今回のテーマはエヴァ,,2018-06-30,,#04B404,,,
ニーツ旧モデルがダウンロード可能に,,2018-06-30,,#01A9DB,,,
ゲーム「東京ドールズ」キャラのヤマダがvtuberデビュー,,2018-06-30,,#0080FF,,,
Paryi氏がオリジナルキャラクター3人の演者を募集開始,,2018-06-30,,#DBA901,,,
委員長イメージソング「Moon!!」&樋口楓イメージソング「奏でろ音楽」フル公開,,2018-06-30,,#B45F04,,,
キズナアイ 誕生日,,2018-06-30,,pink,,,
響木アオ、渋谷マルイにて2回目のライブを開催！,,2018-06-30,,#F781F3,,,
キズナアイ、本日誕生日！記念のライブイベントを開催！多くのVtuberやファンから祝福のメッセージを贈られる,,2018-06-30,,#FE2EF7,,,
織田信姫、CH登録者数6万人突破！,,2018-06-30,,#FF00FF,,,
VOIZの黒羽黒兎と神成ポアロがグループ脱退を表明…,,2018-06-30,,#1B0A2A,,,
にじさんじメンバー8人による大型コラボ『燃やせよ！おえかきの森』が開催！,,2018-06-30,,#FE2EF7,,,
電脳少女シロ、kizuna AI生誕祭にゲスト出演,,2018-06-30,,#00FFFF,,,
そらリムコラボ動画投稿,アズマリム×ときのそら,2018-07-01,,#2ECCFA,,,
にじさんじ1期生によるワードウルフコラボが開催,,2018-07-01,,#848484,,,
にじさんじ2期生のLINEスタンプのセリフを『#にじさんじ2期生スタンプ』で募集開始 7月8日まで,,2018-07-01,,#64FE2E,,,
ぽてち、充電中、あかめ、星街すいせい、ターナー・カタロ(ミィ・ガルルラ)がメンバーのVtuberグループ『S:gnal』が結成！,,2018-07-01,,#FFBF00,,,
天神子兎音、YuNi、ハネたん、CH登録者数1万人突破！,,2018-07-01,,#F3F781,,,
ゆきんこ、3Dの姿を公開！作者はぬこみや氏,,2018-07-01,,#58FAF4,,,
ユエンアヤ、ユエンミナ、初のライブ配信開催！,,2018-07-01,,#BF00FF,,,
叶、ふぇありす、万楽えね、天開司、ケリン、歌衣メイカがまた朝までロケットリーグをゲリラコラボする,,2018-07-01,,#3A01DF,,,
物述有栖、ゆめ心中、BOOTHにてボイス販売開始！,,2018-07-01,,#FF8000,,,
ミソシタ、8/8にライブイベント「青山月見ル君想フ」に登場！,,2018-07-01,,#0101DF,,,
鈴鹿詩子、CH登録者数7万人突破！,,2018-07-01,,#FA58D0,,,
Luke A Head引退,,2018-07-01,,#0B0B3B,,,
コアパンのtwitterが開設,,2018-07-01,,#610B21,,,
八月二雪がぼっちぼろまるの歌”おうちフェス”を歌う,,2018-07-01,,#B40431,,,
vtuberグループ「S:gnal」発足,,2018-07-01,,#08088A,,,
タマキン、9:00〜24:00までゲーム実況配信を15時間連続で開催！,,2018-07-02,,#ffbf7f,,,
空想コード+、早朝企画「お見送り配信！空想コード＋SP」を開催！,,2018-07-02,,#00BFFF,,,
ときのそら、世界クーリッシュ選手権のキャンペーンキャラクターに！,新宿駅にて特別CMも放映,2018-07-02,,#7fffff,,,
海月ねう、3Dモデル披露＆動画活動再開！,,2018-07-02,,#0040FF,,,
バーチャルねこ、Bandcampにて2ndアルバム『Yaneura Cat』を販売開始！,,2018-07-02,,#00FF40,,,
ハクヤ、Vtuber版ぷよぷよ風連鎖ボイスを投稿！,163名が参加,2018-07-02,,#2EFEF7,,,
ファイ博士、7/6の1時間生放送についての緊急記者会見を開催 当日は一部のVIVE正規取扱店でcluster.をVR視聴できる体験イベントも開催,,2018-07-02,,#FF8000,,,
ピーナッツくん、本日誕生日！,,2018-07-02,,#FFFF00,,,
あにまーれ因幡はねる、リプ返のし過ぎでTwitterから規制を受ける異例の事態に,,2018-07-02,,#FACC2E,,,
もちひよこ、夏用衣装のデザインを募集開始,,2018-07-02,,#FE8EF1,,,
TOKYO MX「かえる王子といもむしヘンリー」放送　響木アオが出演,,2018-07-02,,#088A08,,,
渋谷ハジメ×渋谷ハルの渋谷コラボ,,2018-07-02,,#0B6121,,,
ファイ博士生放送直前緊急記者会見,,2018-07-02,,#AEB404,,,
ロリショタ系新vtuberグループ「あふたーしーくれっと」誕生,,2018-07-02,,#086A87,,,
pixiv新vtuberコンテスト、特別賞受賞者が46人増員&賞金増額,,2018-07-02,,#DBA901,,,
鈴木ヒナ初の単独生放送,,2018-07-03,,#0174DF,,,
真空管ドールズが生放送にて水着衣装を披露,,2018-07-03,,#01DFD7,,,
響木アオのゲームブック風動画　バーチャルデート完結編,,2018-07-03,,#B404AE,,,
富士葵もツンデレ動画,,2018-07-03,,#0080FF,,,
OPENRECにて叶が「プロに教わるPUBG!」に出演,,2018-07-03,,#393B0B,,,
まとライバーによるノブへのインタビュー,,2018-07-03,,#1C1C1C,,,
おめシス、フィオ、刀也などのチャンネルが収益化,,2018-07-03,,#0B3B17,,,
七色れあのリアルイベント第二弾　ビッグマーチ高崎,,2018-07-03,,#BF00FF,,,
じーえふの「フォロワー1万人達成したらアイドルデビュー」チャレンジが成功　デザインなど制作へ,,2018-07-03,,#868A08,,,
星街すいせいがオリジナルソングの制作を発表　2018年9月に公開予定,,2018-07-03,,#2EFEF7,,,
ミライアカリが決める！ 新VTuber募集コンテスト 結果発表！受賞者数46人に賞金10万円,,2018-07-03,,#2EFEF7,,,
ピーナッツくん、第3回ONP総選挙を開催 投票は7/8まで,,2018-07-03,,#F7FE2E,,,
剣持刀也、水菜氏、おめがシスターズ、モスコミュール、さはな、収益化解禁！,,2018-07-03,,#FFFF00,,,
水菜氏、収益化を解説したブログを公開,,2018-07-03,,#2EFE9A,,,
宇宙怪獣アンチン、VR撮影用の広告画像を募集,,2018-07-03,,#3B240B,,,
御来屋久遠、初の生放送開催！,,2018-07-03,,#013ADF,,,
月詠桜、6/8からの活動休止から活動再開！動画も投稿,,2018-07-03,,#BF00FF,,,
にじさんじSEEDs、活動1ヶ月経過でメンバーが感謝ツイートを投稿,,2018-07-03,,#00FF00,,,
服部半蔵、飛鳥のプロデューサーama氏が今後の活動のためCFを開始,,2018-07-03,,#2ECCFA,,,
因幡はねる、エレベーターに2時間閉じ込められたうえ喘息を発症…自身曰く「死線を見た」,,2018-07-03,,#FFBF00,,,
雛瀬さくら、自身が作詞作曲MIX、メンバー全員が歌唱した楽曲『アマリリス・ぱ〜てぃ』を公開！,,2018-07-03,,#2EFEF7,,,
「ミライアカリが決める！ 新VTuber募集コンテスト」の結果が発表！特別賞が受賞者15名、賞金1万円から受賞者46名、賞金10万円に、大幅変更！！,,2018-07-03,,#2ECCFA,,,
ナイセン、新曲『革命戦士ナイセン』を公開！,,2018-07-04,,#2EFEF7,,,
にじさんじ公式、8/17に東京で公式イベント『月ノ美兎の夏休み〜課外授業〜』の開催決定！参加受付をpixivFANBOX支援者に先行開始,,2018-07-04,,#848484,,,
名取さな、pixivFANBOXを開設,,2018-07-04,,#FA58F4,,,
馬越健太郎、動画『馬越Radio』を公開！長時間喋る動画は初,動画投稿は3か月ぶり,2018-07-04,,#E06C1F,,,
ときのそら×アズマリムのホラーゲームコラボ,,2018-07-04,,#5F04B4,,,
バーチャライズの複数キャラが活動中断に,,2018-07-04,,#0A2A12,,,
みゅみゅ教授が過去のYouTube動画全削除,,2018-07-04,,#868A08,,,
えね、杉ノ美兎、いわなが、ロッカーによるPUBG放送,,2018-07-04,,#04B404,,,
ミソシタCDに追加特典でオリジナルステッカー封入決定,,2018-07-04,,#0101DF,,,
委員長リアルイベント「月ノ美兎の夏休み～課外授業編～」開催告知,,2018-07-04,,#DF01D7,,,
雑誌「Febri+」Vol.50の表紙にキズナアイが抜擢、巻頭にグラビアも掲載決定,,2018-07-04,,#FF00FF,,,
vtuberアイドルユニット「Alt!!」発表　メンバーである七海ロナ/暁月クララ/遠坂ユラのtwitterも開設,,2018-07-04,,#AC58FA,,,
にじさんじ1期生全員が『Mr.music』を歌った動画が投稿！,,2018-07-05,,#ff1493,,,
馬越健太郎、少年ジャンプ+の『剥き出しの白鳥 特別編』に登場！,,2018-07-05,,#b8860b,,,
宇志海いちご、視聴回数100万回突破！,,2018-07-05,,#ff00ff,,,
月ノ美兎、7/6放送のKMNZによるラジオ『VIRTUAL BUZZ TALK』の初回ゲストに決定！,,2018-07-05,,#4b0082,,,
宇森ひなこ、CH登録者数1万人突破！,,2018-07-05,,#ff00ff,,,
えのぐ、YuNi、CH登録者数2万人突破！,,2018-07-05,,#ffe4b5,,,
電脳少女シロ、秋にロサンゼルスで行われるAnimeExpo2018『SSSS.GRIDMAN』ワールドプレミアのレポーターに抜擢！,,2018-07-05,,#afeeee,,,
阿古江レイスケ、本日誕生日！,,2018-07-05,,#21C7C9,,,
書籍「バーチャルYouTuber名鑑2018」発売,,2018-07-05,,#088A29,,,
刀也&ガクの咎人コラボふたたび,,2018-07-05,,#088A4B,,,
バーチャライズの美々奈が活動再開,,2018-07-05,,#A5DF00,,,
ロケットリーグ大規模コラボ生放送,,2018-07-05,,#088A08,,,
葛葉の新モデルがお披露目,,2018-07-05,,#0080FF,,,
Exysのvtuberコンテスト結果発表,,2018-07-05,,#1C1C1C,,,
AnimeExpo2018でのアニメ「SSSS.GRIDMAN」上映会のレポーターにシロが採用,,2018-07-05,,#0101DF,,,
「VIRTUAL BUZZ TALK」初回ゲストが委員長に決定,,2018-07-05,,#A901DB,,,
ニコ生番組「町バーチャルキャスト2018 in 三重県多気町」に渋谷ハジメ、勇気ちひろ、あねえるが出演告知,,2018-07-05,,#868A08,,,
藍原八千代、本日誕生日！,,2018-07-06,,#8D19C4,,,
キズナアイ、9/15、16のTOKYO KABUKI GIRLSに参加決定！初音ミクと初共演に！,,2018-07-06,,#FF08E2,,,
にじさんじゲーマーズ、追加メンバーの笹木咲、闇夜乃モルル、本間ひまわりがデビュー！,,2018-07-06,,#3600CD,,,
にじさんじの『Mr.music』が急上昇10位にランクイン！,,2018-07-06,,#FC569B,,,
ケリン、初の企業案件を受ける！動画編集ソフト「Filmora」のタイアップ動画を投稿,,2018-07-06,,#4D8608,,,
『輝夜月のルナマンガ』、8/31に発売決定！輝夜月本人の描き下ろし漫画も掲載,,2018-07-06,,#FED833,,,
かしこまりとパンディ、デラとハドウがUpd8に参加！！,,2018-07-06,,#FFF70B,,,
電脳少女シロ、CH登録者数50万人突破！！,,2018-07-06,,#45B1EF,,,
社築、出雲霞、CH登場1万人突破！,,2018-07-06,,#0A55F6,,,
ドーラ、自作の待受画像を公開,,2018-07-06,,#F50F1E,,,
ファイ博士、12時間ぶっ通し生放送を開催！VIVE正規販売店では店頭でCluster.のVR視聴体験イベントも,,2018-07-06,,#FDB03D,,,
魔法少女ちあ、フォロワー数1万人突破！,,2018-07-06,,#F86DF0,,,
Vtuber専門誌『バーチャルYouTuber名鑑』が発売！！,,2018-07-06,,#39A8FC,,,
第1回 キズナアイ杯 Vtuberだらけのマリオカート開催決定！！ 100名を超えるVtuberが参加、予選…7/19 20:00〜 本戦…8/11 19:30〜,,2018-07-06,,#C24BEA,,,
東雲めぐ、東京タワーで行われる天の川イルミネーションの公式アンバサダーに就任！7/10〜8/28の毎週火曜日に登場,,2018-07-06,,#FAC62A,,,
JK組七夕配信が開催！,,2018-07-06,,#F293FB,,,
第2回トリガーコラボが開催！,,2018-07-06,,#FC6812,,,
月ノ美兎、ときのそら、響木アオによるコラボ生放送「ガチ恋VTuber #マイベストイレブン」が7/13(金)21時〜 開催決定！ ときのそらさんYouTube、VRアプリcluster.で同時配信 司会にボカロPのさつきがてんこもりが登場！,,2018-07-06,,#FDB6B6,,,
かしこまり、ゲームアプリ情報サイト「アルテマ」にインタビュー記事が掲載される,,2018-07-06,,#5361F8,,,
リリー博士、バーチャルファッションブランド「アルカーナ」を公開！自身が作成した3Dモデル用パーツを提供,,2018-07-06,,#FD46E4,,,
"電脳少女シロ、チャンネル登録者数 500,000人",,2018-07-06,,#00FFFF,,,
夜桜たま、麻雀情報サイト「麻雀ウォッチ」に特集記事・インタビューが掲載,,2018-07-06,,#BF00FF,,,
花野蜜、CH登録者数5000人突破,,2018-07-06,,#D7DF01,,,
叶、渋谷ハル、カルロ・ピノ、アズマリム、パンディ、ファイ博士、クーテトラ、ナイア、本日誕生日！,,2018-07-07,,#F843A6,,,
アキ・ローゼンタール、夏色まつり、今後の活動のためCF制ボイス販売開始！開始後2時間足らずで目標額50万円達成,,2018-07-07,,#F476BB,,,
勇気ちひろ、18歳の姿を披露 真の姿だと明かす,,2018-07-07,,#568AFD,,,
ときのそら、フォロワー数9万人突破！,,2018-07-07,,#4EC2F8,,,
アズマリム、ライブ配信でフードを取った姿を披露 配信中にCH登録9万人突破！ アプリfaniconでコミュニティを作成,,2018-07-07,,#F872F4,,,
ヒメヒナチャンネル、CH登録者数8万人突破！,,2018-07-07,,#FB26D0,,,
ぽんぽこ、ピーナッツくん、ふくやマスターとコラボ！,,2018-07-07,,#FABF2B,,,
猫宮ひなた、CH登録者数35万人突破！,,2018-07-07,,#FC7404,,,
upd8、アメリカのANIME EXPO 2018に参加 ブースではキズナアイやモスコミュールの動画が上映,,2018-07-07,,#1B0A85,,,
DD、中国のVtuberのNox.、格格、陸婉瑩とコラボ！,,2018-07-07,,#2C37FB,,,
渋谷ハル、7/21開催のPUBG Vtuber最強決定戦の参加者を公開,,2018-07-07,,#1DFD16,,,
もこ田めめめ、CH登録者数3万人突破！,,2018-07-07,,#FCBAF7,,,
万楽えね、ケリンが杉ノ美兎、いわながとPUBGコラボをする,,2018-07-08,,#FF00BF,,,
ケリン、LINEスタンプ発売！,,2018-07-08,,#4B8A08,,,
文野環、復活ライブ開催！！,,2018-07-08,,#DF7401,,,
因幡はねる、花奏かのん、CH登録者数1万人突破！,,2018-07-08,,#F7FE2E,,,
日雇礼子、CH登録者数2万人突破！,,2018-07-08,,#FF8000,,,
風見涼、フォロワー数3万人突破！,,2018-07-08,,#81F781,,,
叶、海夜叉神とPUBGコラボ,,2018-07-08,,#81F7F3,,,
織田信姫、「自身を芸能人に例えると誰か」というアンケートで、90％がフジモンに投票する,,2018-07-08,,#848484,,,
YuNi、夜桜たま、CH登録者数3万人突破！,,2018-07-08,,#DF01D7,,,
にじさんじ1期生による『Mr.music』のニコニコ版が公開,,2018-07-08,,#2ECCFA,,,
新川良、匿名のファンから贈られたデフォルメモデルを公開,,2018-07-08,,#FA58F4,,,
渋谷ハル、「ソロスクで77キルするまで寝られない」企画ライブを開催 7時間で達成,,2018-07-08,,#01DF3A,,,
らんまるちゃん、アクリルフィギュア3種や家紋のバッジ・キーホルダー等をBOOTHにて販売開始！,,2018-07-08,,#FE9A2E,,,
ヤエガシキミコ、サブチャンネル『キミコチャンネル ゆるふわ暴力とろんとろん』を開設,,2018-07-08,,#2EFE9A,,,
笹木咲、CH登録者数5000人突破,,2018-07-08,,#FA58D0,,,
Twitterで、Vtuberアニメをやるとしたら自分役の声優は誰がいいかで盛り上がる,,2018-07-08,,#000000,,,
あさひ、今日まで4日連続で動画を投稿,,2018-07-08,,#088A85,,,
空想コード+、『まともなやつは処刑だ！狂人だらけの特殊人狼』を開催！,,2018-07-08,,#3B170B,,,
7/13(金)21:00に、あにまーれ全員でゲーム「Dead By Daylight」のコラボライブが開催決定,,2018-07-08,,#FA8258,,,
アイドル部全員がゲーム「マザーシミュレータ」をプレイする『マザーシミュレータ月間』を開催,,2018-07-08,,#D358F7,,,
響木アオ、アニメ「パンパカパンツ」の新曲『ハイテルヌイデル』にコーラスとして参加,,2018-07-09,,#F781F3,,,
ケリン、自身のLINEスタンプが人気ランキング8位にランクイン！,,2018-07-09,,#4B8A08,,,
あさひ、渋谷ハジメが初コラボ『渋谷ハチ公前』を開催、PUBGをプレイ！,,2018-07-09,,#81F7BE,,,
クーテトラ、夏服案コンテストの受賞者を発表,,2018-07-09,,#F3E2A9,,,
富士葵、CH登録者数12万人突破！,,2018-07-09,,#58FAF4,,,
ハッカドール2号、Vtuberデビュー準備開始を発表 公式Twitterより,,2018-07-09,,#00FFFF,,,
エルフのえる、ダークエルフの姿を披露！,,2018-07-09,,#FF8000,,,
キズナアイ、誕生日イベントの前半を収録した動画を公開 upd8のメンバーが登場,,2018-07-09,,#FA58F4,,,
『Vtuber合コンコラボinヤヴェンジャーズ』が開催！バーチャルゴリラは天魔機忍ver.G以来のVtuberコラボライブの参加,,2018-07-09,,#86B404,,,
猫乃木もち、CH登録者数2万人突破！,,2018-07-09,,#F7D358,,,
万楽えね、マガジンポケットにて漫画家デビュー決定！！！Vtuberにライブ配信上でインタビューした内容を漫画にしていく模様,,2018-07-10,,#F781F3,,,
Vティーク、アンケートしていた月ノ美兎のクリアファイルのデザインが決定,,2018-07-10,,#E2A9F3,,,
宇森ひなこ、黒猫ななし(あにまーれ公式)からシモネタ・口悪くなるの禁止令が下る,,2018-07-10,,#AC58FA,,,
コンプティーク8月号が発売！ 小山内めい自作の漫画や、にじさんじSEEDs特集などが収録,,2018-07-10,,#F79F81,,,
神楽めあ、CH登録者数1万人突破！,,2018-07-10,,#A9E2F3,,,
海夜叉神、魔王マグロナ、バーチャルおかん、収益化解禁！,,2018-07-10,,#A4A4A4,,,
ねこます、ボイチェンの女性声に挑戦する,,2018-07-10,,#F6E3CE,,,
まとライバーにて「おじさんがおじさんの可愛さに嫉妬する地獄の2018年」の記事が掲載,,2018-07-10,,#0B0B3B,,,
バーチャルねこ、Soundcloudのアカウントを開設,,2018-07-10,,#F7BE81,,,
新Vtuberグループ『Honeystrap (ハニーストラップ)』が始動！,,2018-07-11,,#FE9A2E,,,
黒い砂漠による『バーチャルクリエイター応援キャンペーンvol.2』が開催決定！,,2018-07-11,,#380B61,,,
鈴谷アキ、CH登録者数4万人突破！,,2018-07-11,,#F5DA81,,,
織田信姫、CH登録者数7万人突破！,,2018-07-11,,#FF00FF,,,
響木アオ、全国LIVEツアーのCFが目標額達成！！,,2018-07-11,,#FF00FF,,,
鈴鹿詩子、更新したTwitterのヘッダー画像がパワーワードだらけだと話題に,,2018-07-11,,#CC2EFA,,,
女帝セツナ、Vtuberリストを公開！2910名を収録,,2018-07-11,,#BE81F7,,,
叶、PUBGのカスタムサーバーが使えるようになる 自主企画の大会が開催可能に！,,2018-07-11,,#FFBF00,,,
樋口楓、7/15(日)19:00〜 ニコぶくろスタジオで開催されるニコ生公式番組『にじさんじの部屋〜でろ〜んとおしゃべりしよう〜』に登場！ゲストは漫画家の中音ナタ氏,,2018-07-11,,#FE642E,,,
輝夜月、フリーゲーム「魔女の森」のプレイするもお蔵入りになった動画を公開,,2018-07-11,,#F4FA58,,,
7/14、15に開催のe☆イヤホン主催イベント「ポタフェス2018 東京・秋葉原」で、電脳少女シロが会場の柱巻き広告などで登場！,,2018-07-11,,#81F7F3,,,
ピーナッツくん、YouTuberデカキンとコラボ！動画に登場,,2018-07-11,,#FFBF00,,,
キズナアイ、コラボカフェ第2弾が開店！アニメイトカフェ秋葉原高架下出張店が7/13〜8/12まで開催,,2018-07-12,,#FE2EF7,,,
虹乃まほろ、活動1周年を迎える生配信『まほろ爆誕祭2018』を開催！,,2018-07-12,,#F5DA81,,,
鈴鹿詩子、BOOTHにてボイス販売開始！,,2018-07-12,,#3B0B39,,,
キランユウ、自作のファンブックを無料で配布,,2018-07-12,,#088A08,,,
輝夜月、8/31(金)にcluster.にてワンマンライブ開催決定！7/14からチケット販売開始,,2018-07-12,,#5E610B,,,
にじさんじ公式、「今年の夏、何かが起こる」というメッセージと共にメンバーのシルエット画像を投下 夏服または水着の予告か,,2018-07-12,,#1C1C1C,,,
ミライアカリ、LINEスタンプ販売開始！！,,2018-07-12,,#0B6138,,,
万楽えね、マガポケ連載企画の取材生配信『万楽えねのイッてみようヤッてみよう！』を開催,,2018-07-12,,#380B61,,,
ピーナッツくん、バースデーイベントのチケットキャンセル分を追加販売開始,,2018-07-12,,#61380B,,,
笹木咲、CH登録者数1万人突破！,,2018-07-12,,#8A2908,,,
樋口楓、文野環、7/21(土)に島根県で開催のニコニコ町会議に登場！,,2018-07-12,,#B40404,,,
ぽてち、収益化解禁！,,2018-07-12,,#AEB404,,,
金剛いろは、CH登録者数3万人突破！,,2018-07-13,,#C5C00B,,,
にじさんじメンバーの夏服が公開！,,2018-07-13,,#F781F3,,,
ゆきんこ、収益化解禁！,,2018-07-13,,#0080FF,,,
眠河ゆめな、オリジナル曲『バーチャリアル』を公開！ (作曲：CloA、作詞：眠河ゆめな、イラスト：隣野ゆうま),,2018-07-13,,#CC2EFA,,,
虹乃まほろ、活動1周年！,,2018-07-13,,#FA58F4,,,
ばあちゃるの２D化,,2018-07-13,,#FF8000,,,
アプリ「禍つヴァールハイト」事前登録7万人達成で『電脳少女シロ 禍つヴァールハイトVer.』MMDモデルの配布が決定！,,2018-07-13,,#424242,,,
2Dキャラクターを立体的に動かす『E-mote(エモート)』がUnity XRに対応、APNG出力可能に,,2018-07-13,,#FE2EC8,,,
異世界VTuber「女神エルミナ」がゲームエンジニアの育成施設「TECH STADIUM」受講生募集に起用,,2018-07-13,,#D7DF01,,,
バーチャルYouTuber「ミソシタ」がコミックマーケット94にて初のグッズ販売を発表,,2018-07-13,,#2E9AFE,,,
アマリリス組『由持もに』が8月7日開催のオープンキャンパスイベントに出演決定！,,2018-07-13,,#B404AE,,,
アカリちゃんラインスタンプがランキング1位に！,,2018-07-13,,#00BFFF,,,
叶、配送ミスによりスプラトゥーン2が20個届く,,2018-07-13,,#CC2EFA,,,
ばあちゃる、CH登録者数77777人突破！記念して2Dの姿を公開！,,2018-07-13,,#FF8000,,,
内藤メア、本日誕生日！,,2018-07-13,,#424242,,,
花野蜜、CH登録者数6000人突破,,2018-07-13,,#D7DF01,,,
月ノ美兎、KMNZが司会の番組『VIRTUAL BUZZ TALK!』の初回ゲストに登場！,,2018-07-14,,#AEB404,,,
あさひ、夏服をデザインするも渋谷ハジメの新衣装と齧ってしまう,,2018-07-14,,#01A9DB,,,
ホロライブ、『湊あくあ』のオーディションの募集開始 7/22まで,,2018-07-14,,#2E64FE,,,
本間ひまわり、闇夜乃モルル、赤井はあと、CH登録者数1万人突破！,,2018-07-14,,#FA5882,,,
姫野裕子、ルリ、由持もに、ルチカが、ゲーム会社SNKから7/24発売の「NEOGEO mini」の先行体験を翌週中の配信で開催！,,2018-07-14,,#424242,,,
ドーラ、BOOTHにてボイス販売開始！先着100名の限定ボイスが1時間で売り切れる,,2018-07-14,,#B40431,,,
ドーラ、フォロワー数2万人突破！,,2018-07-14,,#B40431,,,
YuNi、CH登録者数4万人突破！,,2018-07-14,,#04B45F,,,
ハニーストラップ、メンバー全員生配信デビュー！,,2018-07-14,,#DF7401,,,
えのぐ、新曲『ショートカットでよろしく！』披露ライブを開催！,,2018-07-14,,#DF3A01,,,
夜野とばり、アクネッティ、勇者ことね、女帝セツナ、吉田カエル、ゆめ心中、四ツ辻まよい、三歩未知、赤羽葉子、ルピナス、ムラタ主催の『ガールズVtuber人狼2』が開催！,,2018-07-14,,#B4045F,,,
静凛、渋谷ハジメ、宇志海いちご、叶、本間ひまわり、ドーラによるPUBGコラボが開催！,,2018-07-14,,#013ADF,,,
勇気ちひろ、宇志海いちご、長時間突発コラボ,,2018-07-14,,#7401DF,,,
富士葵、ゆずの夏色をカバー！可愛い！,,2018-07-14,,#00BFFF,,,
日ノ隈らん、ハニストに入りたがる,,2018-07-14,,#01DF3A,,,
VRMモデルでVTuberになれるソフト「VDRAW」が7月中にリリースへ,,2018-07-14,,#2E2E2E,,,
サンデージャポンにキズナアイが出演,,2018-07-15,,#D7DF01,,,
"キズナアイ『Hello,Morning』配信開始！",,2018-07-15,,#FF00BF,,,
"キズナアイ、新曲『Hello,Morning』が販売開始！！Amazonのデジタルミュージック売上ランキングで1位に！！",,2018-07-15,,#FE2EF7,,,
キズナアイ、A.I.Channel のCH登録者数が200万人突破！！！,,2018-07-15,,#FE2EF7,,,
ときのそら、Twitter動画企画の『ときのそらチャレンジ』がYouTube動画企画へ,,2018-07-15,,#2E9AFE,,,
にじさんじ×おえかきの森 投票イベントのプレゼントを発表！宇志海いちご、鈴谷アキ、剣持刀也がモチーフのアバターパーツをプレゼント！,,2018-07-15,,#01DF3A,,,
樋口楓、『にじさんじの部屋～でろーんとおしゃべり編！～in ニコぶくろスタジオ』が開催！ゲストは漫画家の中音ナタ氏,,2018-07-15,,#DF7401,,,
ふぇありす、魔王マグロナをゲストに『ボイスチェンジャーの極意を聞く』コラボ配信を開催,,2018-07-15,,#DF01A5,,,
おめがシスターズ、Mogura VRに特集記事が掲載される,,2018-07-15,,#2E9AFE,,,
バーチャルキャリアアドバイザーの「なるはやちゃん」がYouTubeデビュー,,2018-07-15,,#00BFFF,,,
【47都道府県凸待ち】１００００人記念！感謝放送【因幡はねる / あにまーれ】,,2018-07-15,,#FFBF00,,,
ばぁちゃるの薄い本が販売されてしまう,俺とちゃる 同僚との過ちの先に,2018-07-15,,#FF8000,,,
かしこまり、天体観測のカバーを午前２時に投稿,,2018-07-16,,#D7DF01,,,
にじさんじ『みかえる』コラボ,,2018-07-16,,#FF0080,,,
いちるちコラボ,有閑喫茶あにまーれの宗谷いちかとアマリリス組のルル・ルチカのコラボ生放送,2018-07-16,,#58ACFA,,,
はちこ、3日連続で生配信を開催,,2018-07-16,,#FFBF00,,,
はちこ、8/5の誕生日まで活動休止を発表,,2018-07-16,,#04B404,,,
勇気ちひろ、本日誕生日！記念生配信を開催！,,2018-07-16,,#01DFD7,,,
藤崎優愛、CH登録者数6万人突破！,,2018-07-16,,#D358F7,,,
天神子兎音、7/27にオリジナル曲をYouTubeに公開決定,,2018-07-16,,#F781F3,,,
白上フブキ、CH登録者数2万人突破！,,2018-07-16,,#424242,,,
BANトーーク『ジョジョの奇妙なVtuber 第5部』開催決定！7/27 21:00～,,2018-07-16,,#151515,,,
いちから株式会社が企業ロゴをリニューアルへ　本日7月16日よりデザイン募集開始,,2018-07-16,,#64FE2E,,,
天神子兎音のオリジナル曲が7月27日にYouTubeにて配信決定,,2018-07-16,,#FE2EF7,,,
スマホだけで誰でも簡単に3Dアバターを作れる・なれる・配信できるアプリ「トピア」発表,,2018-07-17,,#01DF01,,,
おめがシスターズ、CH登録者数4万人突破！,,2018-07-17,,#FA5882,,,
歌衣メイカ、CH登録者数1万人突破！,,2018-07-17,,#5E610B,,,
.LIVE、ばあちゃるとピーマンくんによるW杯決勝戦実況配信でのスーパーチャットを全額を西日本豪雨災害義援金として寄付することを発表,,2018-07-17,,#FF8000,,,
ピーマンくん、Twitterアカウントを開設,,2018-07-17,,#00FF00,,,
ピーナッツくんの誕生日イベントで販売されるグッズを公開、またスペシャルゲストにモデルの霜月めあが登場決定！,,2018-07-17,,#F7FE2E,,,
いちから株式会社、『バーチャルライバー募集オーディション 上海＆台北』の活動を近日開始を発表,,2018-07-17,,#D358F7,,,
かんな、CH登録者数2万人突破！,,2018-07-17,,#38610B,,,
夏色まつり、CH登録者数6000人突破,,2018-07-17,,#FF0000,,,
式大元、Vtuber活動の無期限休止を発表 今後はご当地サブカルキャラとして活動していく方針,,2018-07-17,,#01DFD7,,,
届木ウカ、VRのオリジナルブランド『Viola』を開設！公式HPも公開,,2018-07-17,,#01A9DB,,,
KMNZさんが司会をするTOKYO MX「VIRTUAL BUZZ TALK」のゲストとしてときのそらが登場(毎週金曜日25:00からTOKYO MXにて放送中),,2018-07-17,,#04B4AE,,,
花野蜜、CH登録者数7000人突破,,2018-07-17,,#D7DF01,,,
アマリリス組、pixivFANBOXを開設！,,2018-07-18,,#FF4000,,,
輝夜月のワンマンライブが全国の映画館でライブビューイングが決定！！,,2018-07-18,,#D7DF01,,,
物述有栖、アズマリムがマリオカート8プレイコラボを開催！,,2018-07-18,,#A901DB,,,
因幡はねる、シロウケン、フォロワー数1万人突破！,,2018-07-18,,#DBA901,,,
あっくん大魔王、新しい姿を披露！,,2018-07-18,,#A901DB,,,
キズナアイ杯参加者の対戦グループを発表,,2018-07-18,,#DF01D7,,,
周防パトラ、日ノ隈らん、CH登録者数5000人突破,,2018-07-18,,#0B6121,,,
宗谷いちか、KMNZリズ、CH6000人突破,,2018-07-18,,#0489B1,,,
朝ノ瑠璃、7/27(金)に企画配信『朝ノ瑠璃、100曲歌い切るまで終われません』を開催決定,,2018-07-18,,#A901DB,,,
海夜叉神、因幡はねる、CH登録者数1.5万人突破！,,2018-07-18,,#01A9DB,,,
かんな、CH登録者数3万人突破！,,2018-07-18,,#38610B,,,
スマホゲー「トリカゴ」の事前登録キャンペーンとして、月ノ美兎とのコラボ衣装を発表！,,2018-07-18,,#B404AE,,,
キズナアイ、bilibiliが中国上海で7/20〜22に開催する「BILIBILI WORLD 2018」に「http://A.I.Channel 」ブースを出展すると発表,,2018-07-18,,#FE2EC8,,,
VTuberさえきやひろを現実世界に出現させる『やひろAR』が登場,,2018-07-18,,#04B45F,,,
OPENREC.tv公式番組「PUBG PARK」にアイドル部「夜桜たま」「花京院ちえり」「八重沢なとり」「北上双葉」が出演決定,,2018-07-18,,#2E2E2E,,,
電脳少女シロとばあちゃる、スマホゲーム「禍つヴァールハイト」の事前登録者が10万人突破したため、ゲーム内コラボが決定！,,2018-07-18,,#01DFD7,,,
電脳少女シロと禍つヴァールハイトの第二回スペシャルコラボ放送が7月24日(火)に配信決定！,,2018-07-18,,#01DFD7,,,
岐阜県で行われる「ぜんためサマーライブ」にて『第1回 ミス日本の中心VTuberグランプリ』が開催決定,,2018-07-19,,#0080FF,,,
サントリーが公式バーチャルYouTuber「燦鳥ノム(さんとりのむ)」を発表,,2018-07-19,,#00FFFF,,,
ときのそら、ウェザーロイドAiriとのコラボ『そらポン生放送』が開催！,,2018-07-19,,#58ACFA,,,
西園寺メアリ、CH登録者数5000人突破,,2018-07-19,,#A901DB,,,
スマホRPG『トリカゴ スクラップマーチ』の事前登録報酬第4弾に『月ノ美兎Tシャツ』が登場,,2018-07-19,,#B404AE,,,
月ノ美兎、8/1に自身が洗濯機になった「MOE-T WASHER MK-1」を1日限定で体験できる『月ノ美兎のバーチャル“生”お洗たく大作戦』が開催！参加者を7/23まで募集,,2018-07-19,,#A901DB,,,
IVRから、VTuber用3Dモデルを作成し、動画や生放送に使用できるサービス「Vカツ」を発表！β版ユーザーを7/31まで募集中、企業・法人向けも展開予定,,2018-07-19,,#04B45F,,,
『Vtuber✕RPGアツマール ゲームコラボキャンペーン』が開催！Vtuber計17人が主人公のゲーム16本を公開！,,2018-07-19,,#DBA901,,,
KMNZリズ、CH登録者数6000人突破,,2018-07-19,,#B40486,,,
鈴木勝、CH登録者数9000人突破,,2018-07-19,,#1C1C1C,,,
卯月コウ、CH登録者数8000人突破,,2018-07-19,,#D7DF01,,,
7/28に秋田県で開催されるニコニコ町会議に物述有栖、剣持刀也が登場決定！,,2018-07-19,,#B45F04,,,
8/4に石川県で開催されるニコニコ町会議に静凛、伏見ガク、モイラが登場決定！,,2018-07-19,,#B45F04,,,
かんな、ウェザーロイドAiri、CH登録者数4万人突破！,,2018-07-19,,#01DFD7,,,
夜桜たま、花京院ちえり、北上双葉、八重沢なとりがOPENRECの公式イベント『PUBG PARK』に登場！,,2018-07-19,,#2E2E2E,,,
【100体プロジェクト】VTuberグループ「流星群」2人目のVTuber「白咲ユノハ」が本日7月19日(木)21時より配信デビューへ,,2018-07-19,,#01DFD7,,,
リアルイベント『月ノ美兎の夏休み〜課外授業編〜』のライブビューイングが決定　7/20(金)12時よりチケット抽選販売がスタート,,2018-07-19,,#8904B1,,,
有閑喫茶あにまーれのメンバーである日ノ隈らんが激辛ラーメンを食べる罰ゲームを生放送にて実施。,,2018-07-19,,#3ADF00,,,
7月29日(日)に幕張メッセで開催されるワンダーフェスティバル2018[夏]にて、バーチャルYouTuber輝夜月のフィギュアが公開！,,2018-07-19,,#868A08,,,
富士葵、新しい衣装を7/27(金)に公開！,,2018-07-20,,#0489B1,,,
upd8に響木アオ、エージェント佐々木、春日部つくし、海月ねう、エンジンかずみ、天音マホ、ゴルンノヴァ総統が新メンバーとして参加！,,2018-07-20,,#2E2E2E,,,
ゴルンノヴァ総統、upd8公式HPに自身が代表の活動カテゴリ『電脳文化倶楽部』を設立,,2018-07-20,,#088A29,,,
ミディ、樋口楓歌唱版『ハイカラ浪漫』をSoundcloudで公開,,2018-07-20,,#B40404,,,
ミソシタ、8/17に発売されるメジャーデビューCDのうち5曲を8/8に先行配信決定！,カラオケJOYSOUNDにて映像付きで配信も決定,2018-07-20,,#013ADF,,,
虹乃まほろ、銀河アリスとのコラボ動画を投稿,,2018-07-20,,#DF01D7,,,
電脳少女シロ、8/3〜8/13の期間でnicocafeとのコラボが決定！,,2018-07-20,,#04B4AE,,,
キズナアイによるマリオカート8での超大型コラボ、『キズナアイ杯』が開催！！予選8グループ中の上位2名、掲載される16名が8/11の本戦に出場！,,2018-07-20,,#B404AE,,,
ピーナッツくん、原宿でのリアルイベント『ピーナッツくんお誕生日会in原宿』が開催！！ゲストにモデルの霜月めあが登場！,,2018-07-20,,#AEB404,,,
さはな、DWUにバーチャルきのこの画像を送りつける,,2018-07-20,,#A5DF00,,,
轟京子、生配信のゲームの一場面が性的コンテンツに触れたとされ配信がBANされる,,2018-07-20,,#B45F04,,,
由持もに、KMNZリタ、CH登録者数7000人突破,,2018-07-20,,#8A0886,,,
かんな、CH登録者数5万人突破！,,2018-07-20,,#4C0B5F,,,
叶、CH登録者数3万人突破！,,2018-07-20,,#61380B,,,
名取さな、CH登録者数7万人突破！,,2018-07-20,,#8A0886,,,
アイドル特化のVTuber事務所「KAGAYAKI STARS」第二弾声優オーディションが開催　本日7/20より「雷輝アンタレス」「宇佐美ユノ」もデビュー！,,2018-07-20,,#8904B1,,,
虹河ラキの初生放送『虹河ラキお誕生日生放送』が8月3日に配信決定！,,2018-07-20,,#088A29,,,
電脳少女シロの1/7スケールフィギュア原型がワンフェス2018[夏]にて初公開！,,2018-07-20,,#088A85,,,
カスタムオーダーメイド3D2「バーチャルアバタースタジオ」が収益化可能に,,2018-07-20,,#8A4B08,,,
【悲報】織田信姫様のお顔が小さくなられる,,2018-07-20,,#8A0886,,,
80名のVTuberによる大型PUBGイベント「VTuber最強決定戦」初代王者に輝いたのは『流川ルカ』！,,2018-07-21,,#151515,,,
ゲーム部・道明寺晴翔の妹「道明寺ここあ」が近日YouTubeデビューへ,,2018-07-21,,#08298A,,,
2050年からやってきたバーチャルSHOWROOMER「がんばるぅ子」が誕生　7月27日(金)20時より初回配信を予定,,2018-07-21,,#0B3B39,,,
万楽えね、本日誕生日！,,2018-07-21,,#8A0886,,,
ばあちゃる、活動（CH開設）1周年突破！,,2018-07-21,,#8A4B08,,,
"キズナアイ、オリジナル曲『Hello,Morning』がSpotfyでの売上ランキングで1位を継続しているため、ピックアッププレイリスト『Weekend buzz Tokyo』に追加、プレイリストのカバーを1週間飾ることが決定！",,2018-07-21,,#8A0886,,,
渋谷ハル主催の大型コラボ『PUBG Vtuber最強決定戦』が開催！！参加者80名、3回戦行った結果、流川ルカが総合1位に！！,,2018-07-21,,#088A08,,,
渋谷ハル、蒼月エリ、CH登録者数5000人突破,,2018-07-21,,#1C1C1C,,,
稲荷くろむ、宇宙怪獣アンチン、CH登録者数6000人突破,,2018-07-21,,#868A08,,,
森永花咲、CH登録者数4.5万人突破！,,2018-07-21,,#04B404,,,
テレ東プラス、Vtuberに番宣させる動画企画『バーチャルYouTuberに番宣させたらこうなった！』シリーズが開始！初回登場は月ノ美兎！,,2018-07-21,,#29088A,,,
紗樹万咲、アクリルフィギュアを販売開始！,,2018-07-21,,#0B615E,,,
もちひよこ、夏服姿を披露！,,2018-07-21,,#8A0886,,,
八重沢なとり、CH登録者数2万人突破！,,2018-07-21,,#B45F04,,,
イヴ、CH登録者数3万人突破！,,2018-07-21,,#B404AE,,,
笹木咲、CH登録者数1.5万人突破！,,2018-07-21,,#B45F04,,,
「バーチャルYouTuberに番宣させたらこうなった！」シリーズに月ノ美兎が登場　ゲームバラエティ「勇者ああああ」の番宣に挑戦,,2018-07-21,,#610B5E,,,
のらきゃっと、長兎路こよりにより作られた新しい姿を披露！,,2018-07-22,,#424242,,,
夏色まつり、本日誕生日！,,2018-07-22,,#B40404,,,
.LIVE所属アイドル部、AbemaTVの番組『実況王』に花京院ちえり、夜桜たま、金剛いろは、北上双葉が登場！PUBGをプレイし、2位に入り決勝進出へ！,,2018-07-22,,#086A87,,,
小山内めい、初の生配信開催！,,2018-07-22,,#DF7401,,,
伏見ガク、初のよるガク,,2018-07-22,,#B45F04,,,
宇森ひなこ、活動復帰生配信を開催,,2018-07-22,,#B404AE,,,
宇森ひなこ、CH登録者数1.5万人突破！,,2018-07-22,,#B404AE,,,
道明寺ここあ、フォロワー数1万人突破！,,2018-07-22,,#00BFFF,,,
静凛、CH登録者数13万人突破！！,,2018-07-22,,#3A01DF,,,
物述有栖、9万人突破！,,2018-07-22,,#DBA901,,,
かんな、CH登録者数6万人突破！,,2018-07-22,,#B404AE,,,
夜空メル、CH登録者数9000人突破,,2018-07-22,,#AEB404,,,
花野蜜、CH登録者数8000人突破,,2018-07-22,,#AEB404,,,
宗谷いちか、CH登録者数7000人突破,,2018-07-22,,#0489B1,,,
日ノ隈らん、周防パトラ、CH登録者数6000人突破,,2018-07-22,,#04B404,,,
キズナアイ、【矢澤にこ生誕祭】これぞアイの証明！今年も引きますお誕生日ガチャ！【ラブライブ！】,,2018-07-22,,#B404AE,,,
パンディ寝違えたとツイート。「首がどこにあるんだよ！」というリプで溢れる,,2018-07-22,,#AEB404,,,
キズナアイ「BILIBILI WORLD」で海外初、単独出展,,2018-07-22,,#FF00FF,,,
第二回VTuberモノマネ大会！！,,2018-07-23,,#8A2908,,,
真空管ドールズLifeメンバー、フェルミ、ブロッサム、アンナがTwitterアカウントを開設,,2018-07-23,,#088A85,,,
魔王の息子わんわん、BANから復帰,,2018-07-23,,#8A4B08,,,
天神子兎音、CH登録者数2万人突破！,,2018-07-23,,#8904B1,,,
動く城のフィオ、フォロワー数1万人突破！,,2018-07-23,,#088A29,,,
天開司、CH登録者数1.5万人突破！,,2018-07-23,,#8A084B,,,
YuNi、CH登録者数5万人突破！,,2018-07-23,,#088A68,,,
かんな、CH登録者数7万人突破！,,2018-07-23,,#04B486,,,
西園寺めあり、CH登録者数6000人突破,,2018-07-23,,#5F04B4,,,
KMNZリズ、CH登録者数7000人突破,,2018-07-23,,#4C0B5F,,,
由持もに、CH登録者数8000人突破,,2018-07-23,,#8A0829,,,
夢咲楓、アマクサ、ポケモン実況YouTuberとしてYahooニュースで紹介される,,2018-07-23,,#4B088A,,,
3人組美少女VTuberアイドル「Alt!!」今夏デビュー　フライング動画を投稿,,2018-07-23,,#B40404,,,
でろーん＆ぽんぽこコラボ生放送,期末テスト,2018-07-23,,#4B8A08,,,
にじさんじ物述有栖ちゃん新衣装がお披露目,,2018-07-23,,#AEB404,,,
デジタル声優アイドル「22/7」3rdシングル『理解者』MVが解禁＆『22/7 計算中』スペシャルイベントが9月20日(木)に開催決定,,2018-07-23,,#D7DF01,,,
7月26日(木)放送のKMNZ『リタラジ』ゲストに織田信姫が登場！,,2018-07-23,,#DF01D7,,,
ドワンゴのVR事業展開に関する記者発表会が7月27日(金)13時より生放送決定！,,2018-07-23,,#6E6E6E,,,
【注目のVTuber】「もえたん」シリーズのPOP先生がキャラクターデザインを務める新VTuber『戸越ぷらむ』が誕生！,,2018-07-23,,#01DF01,,,
月ノ美兎のスケールフィギュアの未彩色原型が公開　ワンフェス2018[夏]にて展示も実施！,,2018-07-23,,#1C1C1C,,,
にじさんじ公式イベント「月ノ美兎の夏休み〜課外授業編」キャンセル分のチケット一般販売が本日7月24日(火)19時より開始,,2018-07-24,,#2E2E2E,,,
おめがシスターズ、YouTube総再生回数300万回突破！,,2018-07-24,,#2E64FE,,,
夏目ハル、本日誕生日！,,2018-07-24,,#B45F04,,,
ぼっちぼろまる、八月二雪とのコラボ動画を投稿,,2018-07-24,,#B40431,,,
闇夜乃モルル、CH登録者数1.5万人突破！,,2018-07-24,,#292A0A,,,
キズナアイ、キズナアイ杯マリオカート8の実況動画を投稿,,2018-07-24,,#B404AE,,,
花京院ちえり、CH登録者数3万人突破！,,2018-07-24,,#886A08,,,
『電脳少女シロ✕禍つヴァールハイトコラボ生放送02』が開催,,2018-07-24,,#086A87,,,
道明寺ここあ、歌動画を投稿,,2018-07-24,,#013ADF,,,
兎鞠まり、CH登録者数5000人突破,,2018-07-24,,#2F0B3A,,,
ヤマトイオリ、CH登録者数2万人突破！,,2018-07-24,,#04B45F,,,
花野蜜、CH登録者数9000人突破,,2018-07-24,,#DBA901,,,
のらきゃっと、ロボ子とコラボ生配信を開催！,,2018-07-24,,#585858,,,
株式会社ZIGがバーチャルYouTuber「新宿2丁目オーディション」を開催！VTuberグループ『ミライサーカス』の一員を募集へ,,2018-07-24,,#B404AE,,,
VTuber支援サービス「Vカツ」　体験者のプレイ動画を募集しPVを制作,,2018-07-24,,#FF00FF,,,